Name,Entry Fee,Location,Date,Availability,new_location,IUPUI,The Speak Easy,zWORKS,Launch Fishers,Industrious Mass Ave,Launch Indy,new_entry_fee
Straight Up Stupid Presents DARREN FLEET,"
	$35 – $45
","
The Jewel Event Center
3333 North Illinois Street 
Indianapolis, IN 46208 
United States 

View Map
View Map

","



Sat, Oct 23, 2021, 8:00 PM EDT


Add to calendar


",AVAILABLE,"3333 North Illinois Street Indianapolis, IN 46208 ",11.0,11.0,26.0,27.0,13.0,13.0,40.0
"
				Red Not Chili Peppers
			","
	$12
","
The Vogue
6259 North College Avenue 
Indianapolis, IN 46220 
United States 

View Map
View Map

","



Sat, October 23, 2021, 9:00 PM EDT
Doors at 8:00 PM

Add to calendar


",AVAILABLE,"6259 North College Avenue Indianapolis, IN 46220 ",25.0,7.0,27.0,26.0,23.0,26.0,12.0
5th Annual Run For Ali 5K Run/Walk,"
	$15 – $25
","
Southeastway Park
5624 South Carroll Road 
New Palestine, IN 46163 
United States 

View Map
View Map

","



Sat, October 23, 2021
10:00 AM – 12:00 PM EDT

Add to calendar


",AVAILABLE,"5624 South Carroll Road New Palestine, IN 46163 ",31.0,33.0,42.0,34.0,25.0,24.0,20.0
Special Needs Living Fall Social at GiGi's Playhouse,"
	Free
","
GiGi's Playhouse Indianapolis
5909 East 86th Street 
Indianapolis, IN 46250 
United States 

View Map
View Map

","



Sat, October 23, 2021
1:00 PM – 4:00 PM EDT

Add to calendar


",AVAILABLE,"5909 East 86th Street Indianapolis, IN 46250 ",26.0,17.0,21.0,14.0,25.0,27.0,0.0
Illusions The Drag Queen Show Indianapolis - Drag Queen Dinner Show,"
	$10 – $799.99
","
Illusions The Drag Queen Show Indianapolis @ Taps and Dolls
247 S Meridian St 
Indianapolis, IN 46225 
United States 

View Map
View Map

","



Multiple Dates EDT





Sat, Oct 16 (7:00 PM)


Sat, Oct 23 (7:00 PM)


Sat, Oct 30 (7:00 PM)


Sat, Nov 6 (7:00 PM)


Sat, Nov 13 (7:00 PM)


Sat, Nov 20 (7:00 PM)



",AVAILABLE,"247 S Meridian St Indianapolis, IN 46225 ",10.0,21.0,32.0,33.0,2.0,2.0,404.995
Central Kicks Sneaker Convention,"
	$15 – $95
","
8610 W 10th St
8610 West 10th Street 
Indianapolis, IN 46234 
United States 

View Map
View Map

","



Sat, October 23, 2021
12:00 PM – 5:00 PM EDT

Add to calendar


",AVAILABLE,"8610 West 10th Street Indianapolis, IN 46234 ",19.0,32.0,27.0,41.0,22.0,20.0,55.0
Ghost Stories at Tibbs Drive-IN,"
	$20 – $50
","
Tibbs Drive-In
480 South Tibbs Avenue 
Indianapolis, IN 46241 
United States 

View Map
View Map

","



Sat, October 23, 2021
6:00 PM – 11:00 PM EDT

Add to calendar


",AVAILABLE,"480 South Tibbs Avenue Indianapolis, IN 46241 ",13.0,29.0,31.0,41.0,12.0,11.0,35.0
BLACK COUPLE GETAWAYS PAINT & SIP INDIANAPOLIS,"
	$75
","
10 East Arts HUB
2301East 10th Street 
Indianapolis, IN 46201 
United States 

View Map
View Map

","



Sat, October 23, 2021
5:00 PM – 8:00 PM EDT

Add to calendar


",AVAILABLE,"2301East 10th Street Indianapolis, IN 46201 ",15.0,16.0,31.0,28.0,11.0,12.0,75.0
Beer Run - Metazoa Brewing | 2021 Indiana Brewery Running Series,"
	$35 – $100
","
Metazoa Brewing Company
140 South College Avenue 
Indianapolis, IN 46202 
United States 

View Map
View Map

","



Sat, October 23, 2021
11:00 AM – 2:00 PM EDT

Add to calendar


",AVAILABLE,"140 South College Avenue Indianapolis, IN 46202 ",13.0,20.0,33.0,31.0,5.0,5.0,67.5
Dolls After Dark (Saturday),"
	$20
","
White Rabbit Cabaret
1116 Prospect Street 
Indianapolis, IN 46203 
United States 

View Map
View Map

","



Sat, October 23, 2021
9:00 PM – 11:30 PM EDT

Add to calendar


",AVAILABLE,"1116 Prospect Street Indianapolis, IN 46203 ",14.0,23.0,35.0,34.0,6.0,6.0,20.0
Margarita Crawl Indianapolis,"
	$29.99
","
Indianapolis, Indiana
Indianapolis, IN 
United States 

View Map
View Map

","



Sat, October 23, 2021
2:00 PM – 8:00 PM EDT

Add to calendar


",AVAILABLE,"Indianapolis, IN United States ",9.0,20.0,30.0,32.0,4.0,4.0,29.99
Taste the Difference Festival & Sister Cities Fest (14th Annual),"
	$0 – $15
","
Indy's Global Village Welcome Center
4233 Lafayette Road 
Indianapolis, IN 46254 
United States 

View Map
View Map

","



Sat, October 23, 2021
11:00 AM – 2:00 PM EDT

Add to calendar


",AVAILABLE,"4233 Lafayette Road Indianapolis, IN 46254 ",15.0,18.0,20.0,34.0,18.0,17.0,7.5
Stuck There Saturday's,"
	$0 – $10
","
Limelight Nightclub
5150 West 38th Street 
Indianapolis, IN 46254 
United States 

View Map
View Map

","



Multiple Dates





Sat, Oct 16 (9:00 PM)


Sat, Oct 23 (9:00 PM)


Sat, Oct 30 (9:00 PM)


Sat, Nov 6 (9:00 PM)


Sat, Nov 13 (9:00 PM)


Sat, Nov 20 (9:00 PM)



",AVAILABLE,"5150 West 38th Street Indianapolis, IN 46254 ",16.0,18.0,21.0,35.0,18.0,18.0,5.0
Murder Mystery Theatre & Costume Contest,"
	$18
","
Storefront Theatre of Indianapolis
717 Broad Ripple Avenue 
Indianapolis, IN 46220 
United States 

View Map
View Map

","



Sat, October 23, 2021
6:30 PM – 9:00 PM EDT

Add to calendar


",AVAILABLE,"717 Broad Ripple Avenue Indianapolis, IN 46220 ",22.0,6.0,25.0,25.0,23.0,24.0,18.0
FREE BIKES and FREE HAIR CUTS AND STYLES,"
	Free
","
Scott United Methodist Church
2153 Doctor Andrew J Brown Avenue 
Indianapolis, IN 46202 
United States 

View Map
View Map

","



Sun, October 24, 2021
2:00 PM – 5:00 PM EDT

Add to calendar


",AVAILABLE,"2153 Doctor Andrew J Brown Avenue Indianapolis, IN 46202 ",15.0,13.0,32.0,28.0,12.0,14.0,0.0
Forward in Fashion Brunch,"
	$65 – $75
","
Illusions bar & grill
3661 W 86th St. 
Indianapolis, IN 46268 
United States 

View Map
View Map

","



Sat, October 23, 2021
1:00 PM – 4:00 PM EDT

Add to calendar


",AVAILABLE,"3661 W 86th St. Indianapolis, IN 46268 ",25.0,21.0,13.0,27.0,26.0,26.0,70.0
Girl Talk Incorporated Empowerment Workshop,"
	Free
","
1002 E Washington St
1002 East Washington Street 
Indianapolis, IN 46202 
United States 

View Map
View Map

","



Sat, October 23, 2021
11:00 AM – 2:00 PM EDT

Add to calendar


",AVAILABLE,"1002 East Washington Street Indianapolis, IN 46202 ",13.0,21.0,34.0,31.0,7.0,7.0,0.0
Plate It Up! Catering Culinary Presents: A Mock Restaurant,"
	Free
","
Broadway United Methodist Church
609 East 29th Street 
Indianapolis, IN 46205 
United States 

View Map
View Map

","



Multiple Dates





Sat, Oct 16 (10:00 AM)


Sat, Oct 23 (10:00 AM)



",AVAILABLE,"609 East 29th Street Indianapolis, IN 46205 ",12.0,9.0,27.0,24.0,12.0,14.0,0.0
"4th Annual IBCC Award's Ceremony - ""Stronger Together""","
	$75 – $1,000
","
The Willows
Ballroom 
6729 Westfield Blvd 
Indianapolis, IN 46220 
United States 

View Map
View Map

","



Sun, October 24, 2021
5:00 PM – 8:00 PM EDT

Add to calendar


",AVAILABLE,Ballroom 6729 Westfield Blvd ,25.0,9.0,24.0,23.0,26.0,27.0,537.5
Monument Circle Tours 2021,"
	$0 – $10
","
South Bend Chocolate Company Café
30 Monument Circle 
Indianapolis, IN 46204 
United States 

View Map
View Map

","



Multiple Dates





Sat, Oct 23 (10:00 AM)



",AVAILABLE,"30 Monument Circle Indianapolis, IN 46204 ",8.0,20.0,30.0,32.0,5.0,6.0,5.0
Historic PUBLIC TOURS at Crown Hill Cemetery 2021,"
	$0 – $7
","
Crown Hill Cemetery
3400 Boulevard Place 
Indianapolis, IN 46208 
United States 

View Map
View Map

","



Multiple Dates





Sat, Oct 16 (9:30 AM)


Sun, Oct 24 (3:00 PM) [Sold Out]



",AVAILABLE,"3400 Boulevard Place Indianapolis, IN 46208 ",11.0,10.0,25.0,27.0,12.0,12.0,3.5
"Pumpkins, Pumpkins, Pumpkins, Fun to make! Make one with GAI@CCIC","
	$50
","
Glass Arts Indiana
1125 Brookside Ave C25 
Indianapolis, IN 46202 
United States 

View Map
View Map

","



Sat, October 23, 2021
12:00 PM – 2:00 PM EDT

Add to calendar


",AVAILABLE,"1125 Brookside Ave C25 Indianapolis, IN 46202 ",14.0,16.0,31.0,30.0,10.0,12.0,50.0
Fall Themed Paint Your Pet Workshop,"
	$45
","
Metazoa Brewing Company
140 South College Avenue 
Indianapolis, IN 46202 
United States 

View Map
View Map

","



Sun, October 24, 2021
11:00 AM – 5:30 PM EDT

Add to calendar


",AVAILABLE,"140 South College Avenue Indianapolis, IN 46202 ",13.0,20.0,33.0,31.0,5.0,5.0,45.0
Hocus Pocus,"
	$20
","
Sun King Brewery
135 North College Avenue 
Indianapolis, IN 46202 
United States 

View Map
View Map

","



Sun, October 24, 2021
11:30 AM – 2:00 PM EDT

Add to calendar


",AVAILABLE,"135 North College Avenue Indianapolis, IN 46202 ",11.0,17.0,32.0,29.0,4.0,6.0,20.0
VOLTCON 2021!,"
	$0 – $125
","
Indianapolis Marriott East
7202 East 21st Street 
Indianapolis, IN 46219 
United States 

View Map
View Map

","
Contact the organizer to request a refund.
Eventbrite's fee is nonrefundable.
",AVAILABLE,"7202 East 21st Street Indianapolis, IN 46219 ",17.0,19.0,30.0,22.0,16.0,18.0,62.5
Murder Mystery Theatre  Matinee,"
	$15
","
Storefront Theatre of Indianapolis
717 Broad Ripple Avenue 
Indianapolis, IN 46220 
United States 

View Map
View Map

","



Sun, October 24, 2021
1:30 PM – 3:00 PM EDT

Add to calendar


",AVAILABLE,"717 Broad Ripple Avenue Indianapolis, IN 46220 ",22.0,6.0,25.0,25.0,23.0,24.0,15.0
Pogue's Run Fall Bike Ride,"
	Free
","
Fletcher Park
1429 E Brookside Ave 
Indianapolis, IN 46202 
United States 

View Map
View Map

","



Sun, October 24, 2021
12:00 PM – 2:00 PM EDT

Add to calendar


",AVAILABLE,"1429 E Brookside Ave Indianapolis, IN 46202 ",14.0,16.0,31.0,30.0,10.0,12.0,0.0
Deeva Ball,"
	$50
","
The Silver Centre Event Hall
10202 East Washington Street 
#Suite 300 
Indianapolis, IN 46229 
United States 

View Map
View Map

","



Sun, October 24, 2021
1:00 PM – 5:00 PM EDT

Add to calendar


",AVAILABLE,10202 East Washington Street #Suite 300 ,23.0,25.0,35.0,26.0,22.0,24.0,50.0
Tours of the Benjamin Harrison Presidential Site 2021,"
	$0 – $12
","
Benjamin Harrison Presidential Site
1230 North Delaware Street 
Indianapolis, IN 46202 
United States 

View Map
View Map

","



Multiple Dates





Thu, Oct 14 (10:00 AM)


Thu, Oct 14 (12:00 PM)


Thu, Oct 14 (2:00 PM)


Fri, Oct 15 (10:00 AM)


Fri, Oct 15 (11:00 AM)


Fri, Oct 15 (12:00 PM)


Fri, Oct 15 (1:00 PM)


Fri, Oct 15 (2:00 PM)


Sat, Oct 16 (10:00 AM)


Sat, Oct 16 (11:00 AM)


Sat, Oct 16 (12:00 PM)


Sat, Oct 16 (1:00 PM) [Sold Out]


Sat, Oct 16 (2:00 PM)


Sat, Oct 16 (3:00 PM)


Sun, Oct 17 (12:00 PM)


Sun, Oct 17 (1:00 PM)


Sun, Oct 17 (2:00 PM)


Sun, Oct 17 (3:00 PM)


Mon, Oct 18 (10:00 AM)


Mon, Oct 18 (12:00 PM)


Mon, Oct 18 (2:00 PM)


Tue, Oct 19 (10:00 AM)


Tue, Oct 19 (12:00 PM)


Tue, Oct 19 (2:00 PM)


Wed, Oct 20 (10:00 AM)


Wed, Oct 20 (12:00 PM)


Wed, Oct 20 (2:00 PM)


Thu, Oct 21 (10:00 AM)


Thu, Oct 21 (12:00 PM)


Thu, Oct 21 (2:00 PM)


Fri, Oct 22 (10:00 AM)


Fri, Oct 22 (11:00 AM)


Fri, Oct 22 (12:00 PM)


Fri, Oct 22 (1:00 PM)


Fri, Oct 22 (2:00 PM)


Sat, Oct 23 (10:00 AM)


Sat, Oct 23 (11:00 AM)


Sat, Oct 23 (12:00 PM)


Sat, Oct 23 (1:00 PM)


Sat, Oct 23 (2:00 PM)


Sat, Oct 23 (3:00 PM)


Sun, Oct 24 (12:00 PM)


Sun, Oct 24 (1:00 PM)


Sun, Oct 24 (2:00 PM)


Sun, Oct 24 (3:00 PM)


Mon, Oct 25 (10:00 AM)


Mon, Oct 25 (12:00 PM)


Mon, Oct 25 (2:00 PM)


Tue, Oct 26 (10:00 AM)


Tue, Oct 26 (12:00 PM)



",AVAILABLE,"1230 North Delaware Street Indianapolis, IN 46202 ",9.0,15.0,26.0,27.0,6.0,9.0,6.0
Something to Talk About,"
	$12
","
White Rabbit Cabaret
1116 Prospect Street 
Indianapolis, IN 46203 
United States 

View Map
View Map

","



Sun, October 24, 2021
8:00 PM – 10:00 PM EDT

Add to calendar


",AVAILABLE,"1116 Prospect Street Indianapolis, IN 46203 ",14.0,23.0,35.0,34.0,6.0,6.0,12.0
"R&B, REGGAE and SOCA  JAM","
	$20
","
SOUKE ENTERTAINMENT
4435 North Keystone Avenue 
Indianapolis, IN 46205 
United States 

View Map
View Map

","



Sat, Oct 23, 2021, 9:00 PM –
Sun, Oct 24, 2021, 3:00 AM EDT

Add to calendar


",AVAILABLE,"4435 North Keystone Avenue Indianapolis, IN 46205 ",18.0,6.0,29.0,20.0,16.0,19.0,20.0
Pumpkins are even riper and Hotter Fun to make! Make one with GAI@CCIC,"
	$50
","
Glass Arts Indiana
1125 Brookside Ave C25 
Indianapolis, IN 46202 
United States 

View Map
View Map

","



Sat, October 23, 2021
2:30 PM – 4:30 PM EDT

Add to calendar


",AVAILABLE,"1125 Brookside Ave C25 Indianapolis, IN 46202 ",14.0,16.0,31.0,30.0,10.0,12.0,50.0
Trunk or Treat with Prather Lodge,"
	Free
","
Calvin Prather Masonic Lodge #717
7502 East 56th Street 
Indianapolis, IN 46226 
United States 

View Map
View Map

","



Sun, October 24, 2021
4:00 PM – 6:00 PM EDT

Add to calendar


",AVAILABLE,"7502 East 56th Street Indianapolis, IN 46226 ",22.0,16.0,26.0,17.0,21.0,23.0,0.0
Dr. & Nurse Blunt's Annual Halloween Bash,"
	$40 – $55
","
9940 E Washington St
9940 East Washington Street 
Indianapolis, IN 46229 
United States 

View Map
View Map

","



Sat, October 23, 2021
7:00 PM – 10:00 PM EDT

Add to calendar


",AVAILABLE,"9940 East Washington Street Indianapolis, IN 46229 ",24.0,26.0,36.0,27.0,23.0,24.0,47.5
Fall 2021 Stream Steward Workshop,"
	Free
","
Spirit Lake Condominiums
6740 Page Boulevard 
Indianapolis, IN 46220 
United States 

View Map
View Map

","



Sat, October 23, 2021
9:30 AM – 12:00 PM EDT

Add to calendar


",AVAILABLE,"6740 Page Boulevard Indianapolis, IN 46220 ",27.0,10.0,25.0,24.0,27.0,29.0,0.0
NATURE PHOTOGRAPHY at EAGLE CREEK with RICH CLARK,"
	$49
","
Eagle Creek Park
7840 West 56th Street 
Indianapolis, IN 46254 
United States 

View Map
View Map

","



Sat, October 23, 2021
3:00 PM – 6:00 PM EDT

Add to calendar


",AVAILABLE,"7840 West 56th Street Indianapolis, IN 46254 ",20.0,22.0,21.0,36.0,22.0,21.0,49.0
"James Whitcomb Riley Museum Home Tours, Oct. 8th - Feb. 5th","
	$1 – $10
","
528 Lockerbie St
528 Lockerbie Street 
Indianapolis, IN 46202 
United States 

View Map
View Map

","



Multiple Dates EDT





Thu, Oct 14 (10:00 AM)


Thu, Oct 14 (11:30 AM)


Thu, Oct 14 (1:00 PM)


Thu, Oct 14 (2:30 PM)


Fri, Oct 15 (11:30 AM)


Fri, Oct 15 (1:00 PM)


Fri, Oct 15 (2:30 PM)


Thu, Oct 21 (10:00 AM)


Thu, Oct 21 (11:30 AM)


Thu, Oct 21 (1:00 PM)


Thu, Oct 21 (2:30 PM)


Fri, Oct 22 (10:00 AM)


Fri, Oct 22 (11:30 AM)


Fri, Oct 22 (1:00 PM)


Fri, Oct 22 (2:30 PM)


Sat, Oct 23 (10:00 AM)


Sat, Oct 23 (11:30 AM)


Sat, Oct 23 (1:00 PM)


Sat, Oct 23 (2:30 PM)


Thu, Oct 28 (10:00 AM)


Thu, Oct 28 (11:30 AM)


Thu, Oct 28 (1:00 PM)


Thu, Oct 28 (2:30 PM)


Fri, Oct 29 (10:00 AM)


Fri, Oct 29 (11:30 AM)


Fri, Oct 29 (1:00 PM)


Fri, Oct 29 (2:30 PM)


Sat, Oct 30 (10:00 AM)


Sat, Oct 30 (11:30 AM)


Sat, Oct 30 (1:00 PM)


Sat, Oct 30 (2:30 PM)


Thu, Nov 4 (10:00 AM)


Thu, Nov 4 (11:30 AM)


Thu, Nov 4 (1:00 PM)


Thu, Nov 4 (2:30 PM)


Fri, Nov 5 (10:00 AM)


Fri, Nov 5 (11:30 AM)


Fri, Nov 5 (1:00 PM)


Fri, Nov 5 (2:30 PM)


Sat, Nov 6 (10:00 AM)


Sat, Nov 6 (11:30 AM)


Sat, Nov 6 (1:00 PM)


Sat, Nov 6 (2:30 PM)


Thu, Nov 11 (10:00 AM)


Thu, Nov 11 (11:30 AM)


Thu, Nov 11 (1:00 PM)


Thu, Nov 11 (2:30 PM)


Fri, Nov 12 (10:00 AM)


Fri, Nov 12 (11:30 AM)


Fri, Nov 12 (1:00 PM)



",AVAILABLE,"528 Lockerbie Street Indianapolis, IN 46202 ",10.0,17.0,31.0,29.0,5.0,8.0,5.5
Take Your Business to the Next Level,"
	Free
","
Nexus Impact Center
9511 Angola Court 
#UNIT 200 
Indianapolis, IN 46268 
United States 

View Map
View Map

","



Sat, Oct 23, 2021, 11:00 AM EDT


Add to calendar


",AVAILABLE,9511 Angola Court #UNIT 200 ,25.0,22.0,10.0,23.0,27.0,27.0,0.0
Oktoberfest @ SILO Auto Club,"
	$15 – $48
","
SILO Auto Club and Conservancy
644 E. Washington St. 
Indianapolis, IN 46204 
United States 

View Map
View Map

","



Sun, October 24, 2021
12:00 PM – 5:00 PM EDT

Add to calendar


",AVAILABLE,"644 E. Washington St. Indianapolis, IN 46204 ",11.0,18.0,32.0,29.0,3.0,6.0,31.5
Getting Started With Essential Oils - Indianapolis,"
	Free
","
JW Marriott Indianapolis
10 South West Street 
Indianapolis, IN 46204 
United States 

View Map
View Map

","



Multiple Dates





Sat, 16 Oct (10:00)


Mon, 18 Oct (19:00)


Sat, 23 Oct (10:00)


Mon, 25 Oct (19:00)


Sat, 30 Oct (10:00)



",AVAILABLE,"10 South West Street Indianapolis, IN 46204 ",6.0,19.0,29.0,32.0,6.0,6.0,0.0
Spooky Slays,"
	$125
","
5610 Crawfordsville Rd Door 10
5610 Crawfordsville Road 
Speedway, IN 46224 
United States 

View Map
View Map

","



Sun, October 24, 2021
12:00 PM – 3:00 PM EDT

Add to calendar


",AVAILABLE,"5610 Crawfordsville Road Speedway, IN 46224 ",14.0,23.0,23.0,37.0,18.0,17.0,125.0
SHEnanigans Podcast Live,"
	$10
","
PharmFree Life CBD Dispensary + Coffee & Tea Bar
5361 East 82nd Street 
Indianapolis, IN 46250 
United States 

View Map
View Map

","



Sat, October 23, 2021
7:30 PM – 9:00 PM EDT

Add to calendar


",AVAILABLE,"5361 East 82nd Street Indianapolis, IN 46250 ",27.0,14.0,21.0,15.0,28.0,30.0,10.0
Love's Labor's Lost,"
	$15 – $20
","
The Cat
254 Veterans Way 
Carmel, IN 46032 
United States 

View Map
View Map

","



Multiple Dates





Thu, Oct 21 (8:00 PM)


Sat, Oct 23 (8:00 PM)


Sun, Oct 24 (1:00 PM)


Fri, Oct 29 (8:00 PM)


Sat, Oct 30 (2:00 PM)


Sun, Oct 31 (5:00 PM)



",AVAILABLE,"254 Veterans Way Carmel, IN 46032 ",35.0,23.0,20.0,22.0,34.0,36.0,17.5
The Gurl Code 2021,"
	Free
","
502 N Tremont St
502 North Tremont Street 
Indianapolis, IN 46222 
United States 

View Map
View Map

","



Multiple Dates





Sat, Oct 23 (9:00 AM)


Sat, Nov 6 (9:00 AM)


Sat, Nov 20 (9:00 AM)



",AVAILABLE,"502 North Tremont Street Indianapolis, IN 46222 ",4.0,21.0,29.0,34.0,12.0,10.0,0.0
Entrepreneur Crash Course - Indianapolis,"
	Free
","
Online
Webinar 
Indianapolis, IN 46204 
United States 

View Map
View Map

","



Multiple Dates





Mon, Oct 18 (8:00 PM)


Wed, Oct 20 (8:00 PM)


Sat, Oct 23 (8:00 PM)


Mon, Oct 25 (8:00 PM)


Wed, Oct 27 (8:00 PM)


Sat, Oct 30 (8:00 PM)


Mon, Nov 1 (8:00 PM)


Wed, Nov 3 (8:00 PM)


Sat, Nov 6 (8:00 PM)


Mon, Nov 8 (8:00 PM)


Wed, Nov 10 (8:00 PM)


Sat, Nov 13 (8:00 PM)


Mon, Nov 15 (8:00 PM)


Wed, Nov 17 (8:00 PM)


Sat, Nov 20 (8:00 PM)


Mon, Nov 22 (8:00 PM)



",AVAILABLE,Virtual,0.0,0.0,0.0,0.0,0.0,0.0,0.0
Card Class,"
	$15
","
Hand Stamped by Cheryl's Craft Room
7739 Prairie View Lane 
Indianapolis, IN 46256 
United States 

View Map
View Map

","



Sun, October 24, 2021
1:00 PM – 4:00 PM EDT

Add to calendar


",AVAILABLE,"7739 Prairie View Lane Indianapolis, IN 46256 ",31.0,22.0,29.0,17.0,30.0,32.0,15.0
Pop Up Dinner Church,"
	Free
","
Faith Presbyterian Church
8170 Hague Road 
Indianapolis, IN 46256 
United States 

View Map
View Map

","



Sun, October 24, 2021
5:00 PM – 6:30 PM EDT

Add to calendar


",AVAILABLE,"8170 Hague Road Indianapolis, IN 46256 ",27.0,18.0,25.0,14.0,26.0,28.0,0.0
High Priority Social Event,"
	$30
","
9940 E Washington St
9940 East Washington Street 
Indianapolis, IN 46229 
United States 

View Map
View Map

","



Sat, October 23, 2021
11:00 AM – 1:00 PM EDT

Add to calendar


",AVAILABLE,"9940 East Washington Street Indianapolis, IN 46229 ",24.0,26.0,36.0,27.0,23.0,24.0,30.0
Victor VIP Entrepreneur Support Event,"
	Free
","
5255 Winthrop Ave
5255 Winthrop Avenue 
Indianapolis, IN 46220 
United States 

View Map
View Map

","



Sun, October 24, 2021
2:00 PM – 5:00 PM EDT

Add to calendar


",AVAILABLE,"5255 Winthrop Avenue Indianapolis, IN 46220 ",20.0,1.0,29.0,23.0,19.0,21.0,0.0
Sunday Funday Crawl Indianapolis,"
	$29.99
","
Indianapolis, Indiana
Indianapolis, IN 
United States 

View Map
View Map

","



Sun, October 24, 2021
12:00 PM – 6:00 PM EDT

Add to calendar


",AVAILABLE,"Indianapolis, IN United States ",9.0,20.0,30.0,32.0,4.0,4.0,29.99
ALL ABOUT DRONE PHOTOGRAPHY with EMMY WINNER RON SHELNUTT,"
	$39
","
Roberts Camera - In Person
220 E St Clair St 
Indianapolis, IN 46204 
United States 

View Map
View Map

","



Sat, October 23, 2021
1:00 PM – 3:00 PM EDT

Add to calendar


",AVAILABLE,"220 E St Clair St Indianapolis, IN 46204 ",10.0,15.0,27.0,29.0,6.0,8.0,39.0
Bone & Joint Awareness Day,"
	Free
","
Martin University Hardin Gathertorium
2186 N Sherman Dr 
Indianapolis, IN 46218 
United States 

View Map
View Map

","



Sat, October 23, 2021
10:30 AM – 3:00 PM EDT

Add to calendar


",AVAILABLE,"2186 N Sherman Dr Indianapolis, IN 46218 ",14.0,14.0,31.0,26.0,13.0,15.0,0.0
"[Free Masterclass] Facebook Marketing Tips, Tricks & Tools in Indianapolis","
	Free
","
Indianapolis, Indiana
1420 N Capitol Ave 
Indianapolis, IN 46202 
United States 

View Map
View Map

","



Multiple Dates EST





Thu, Oct 14 (1:00 PM)


Fri, Oct 15 (1:00 PM)


Sat, Oct 16 (1:00 PM)


Sun, Oct 17 (1:00 PM)


Mon, Oct 18 (1:00 PM)


Tue, Oct 19 (1:00 PM)


Wed, Oct 20 (1:00 PM)


Thu, Oct 21 (1:00 PM)


Fri, Oct 22 (1:00 PM)


Sat, Oct 23 (1:00 PM)


Sun, Oct 24 (1:00 PM)


Mon, Oct 25 (1:00 PM)


Tue, Oct 26 (1:00 PM)


Wed, Oct 27 (1:00 PM)


Thu, Oct 28 (1:00 PM)


Fri, Oct 29 (1:00 PM)


Sat, Oct 30 (1:00 PM)


Sun, Oct 31 (1:00 PM)


Mon, Nov 1 (1:00 PM)


Tue, Nov 2 (1:00 PM)


Wed, Nov 3 (1:00 PM)


Thu, Nov 4 (1:00 PM)


Fri, Nov 5 (1:00 PM)


Sat, Nov 6 (1:00 PM)


Sun, Nov 7 (1:00 PM)


Mon, Nov 8 (1:00 PM)


Tue, Nov 9 (1:00 PM)


Wed, Nov 10 (1:00 PM)


Thu, Nov 11 (1:00 PM)


Fri, Nov 12 (1:00 PM)


Sat, Nov 13 (1:00 PM)


Sun, Nov 14 (1:00 PM)


Mon, Nov 15 (1:00 PM)


Tue, Nov 16 (1:00 PM)


Wed, Nov 17 (1:00 PM)


Thu, Nov 18 (1:00 PM)


Fri, Nov 19 (1:00 PM)


Sat, Nov 20 (1:00 PM)


Sun, Nov 21 (1:00 PM)


Mon, Nov 22 (1:00 PM)



",AVAILABLE,"1420 N Capitol Ave Indianapolis, IN 46202 ",10.0,15.0,26.0,30.0,9.0,9.0,0.0
Gospel Sundays featuring Chalandon (1:30 pm - 2:30 pm),"
	$5
","
THE MAD GRIDDLE
2127 East 10th Street 
Indianapolis, IN 46201 
United States 

View Map
View Map

","



Sun, October 24, 2021
12:00 PM – 4:00 PM EDT

Add to calendar


",AVAILABLE,"2127 East 10th Street Indianapolis, IN 46201 ",15.0,17.0,31.0,29.0,11.0,12.0,5.0
Stand Against Domestic Violence Open House,"
	$0 – $60
","
McAlister's Deli
5822 Crawfordsville Road 
Indianapolis, IN 46224 
United States 

View Map
View Map

","



Sat, October 23, 2021
12:00 PM – 7:00 PM EDT

Add to calendar


",AVAILABLE,"5822 Crawfordsville Road Indianapolis, IN 46224 ",14.0,26.0,23.0,37.0,19.0,17.0,30.0
"How to Make $100,000 as a Coach or Consultant - Indianapolis","
	Free
","
Online
Online Webinar 
Indianapolis, IN 46204 
United States 

View Map
View Map

","



Multiple Dates





Tue, Oct 19 (6:00 PM)


Thu, Oct 21 (6:00 PM)


Sat, Oct 23 (6:00 PM)


Tue, Oct 26 (6:00 PM)


Thu, Oct 28 (6:00 PM)


Sat, Oct 30 (6:00 PM)


Tue, Nov 2 (6:00 PM)


Thu, Nov 4 (6:00 PM)


Sat, Nov 6 (6:00 PM)


Tue, Nov 9 (6:00 PM)


Thu, Nov 11 (6:00 PM)


Sat, Nov 13 (6:00 PM)


Tue, Nov 16 (6:00 PM)


Thu, Nov 18 (6:00 PM)


Sat, Nov 20 (6:00 PM)



",AVAILABLE,Virtual,0.0,0.0,0.0,0.0,0.0,0.0,0.0
High Tea — An Uplifting Brunch Tea Party,"
	$65 – $325
","
Prolific Event Suites
3402 West 30th Street 
Indianapolis, IN 46222 
United States 

View Map
View Map

","



Sat, October 23, 2021
1:00 PM – 3:00 PM EDT

Add to calendar


",AVAILABLE,"3402 West 30th Street Indianapolis, IN 46222 ",10.0,16.0,21.0,33.0,16.0,15.0,195.0
One Team Scavenger Hunt Indianapolis,"
	$19.99 – $34.99
","
Recommended Parking to Begin Adventure
301 N Illinois St 
Indianapolis, IN 46204 
United States 

View Map
View Map

","



Multiple Dates





Thu, Oct 14 (10:00 AM)


Fri, Oct 15 (10:00 AM)


Sat, Oct 16 (10:00 AM)


Sun, Oct 17 (10:00 AM)


Mon, Oct 18 (10:00 AM)


Tue, Oct 19 (10:00 AM)


Wed, Oct 20 (10:00 AM)


Thu, Oct 21 (10:00 AM)


Fri, Oct 22 (10:00 AM)


Sat, Oct 23 (10:00 AM)


Sun, Oct 24 (10:00 AM)


Mon, Oct 25 (10:00 AM)


Tue, Oct 26 (10:00 AM)


Wed, Oct 27 (10:00 AM)


Thu, Oct 28 (10:00 AM)


Fri, Oct 29 (10:00 AM)


Sat, Oct 30 (10:00 AM)


Sun, Oct 31 (10:00 AM)


Mon, Nov 1 (10:00 AM)


Tue, Nov 2 (10:00 AM)


Wed, Nov 3 (10:00 AM)


Thu, Nov 4 (10:00 AM)


Fri, Nov 5 (10:00 AM)


Sat, Nov 6 (10:00 AM)


Sun, Nov 7 (10:00 AM)


Mon, Nov 8 (10:00 AM)


Tue, Nov 9 (10:00 AM)


Wed, Nov 10 (10:00 AM)


Thu, Nov 11 (10:00 AM)


Fri, Nov 12 (10:00 AM)


Sat, Nov 13 (10:00 AM)


Sun, Nov 14 (10:00 AM)


Mon, Nov 15 (10:00 AM)


Tue, Nov 16 (10:00 AM)


Wed, Nov 17 (10:00 AM)


Thu, Nov 18 (10:00 AM)


Fri, Nov 19 (10:00 AM)


Sat, Nov 20 (10:00 AM)


Sun, Nov 21 (10:00 AM)


Mon, Nov 22 (10:00 AM)



",AVAILABLE,"301 N Illinois St Indianapolis, IN 46204 ",6.0,19.0,29.0,31.0,5.0,5.0,27.490000000000002
Vendor War,"
	$10 – $75
","
120 E Market St
120 East Market Street 
Indianapolis, IN 46204 
United States 

View Map
View Map

","



Sun, October 24, 2021
10:00 AM – 7:00 PM EDT

Add to calendar


",AVAILABLE,"120 East Market Street Indianapolis, IN 46204 ",9.0,19.0,29.0,31.0,4.0,7.0,42.5
Antony & Cleopatra,"
	$15 – $20
","
The Cat
254 Veterans Way 
Carmel, IN 46032 
United States 

View Map
View Map

","



Multiple Dates





Fri, Oct 22 (8:00 PM)


Sat, Oct 23 (2:00 PM)


Sun, Oct 24 (5:00 PM)


Thu, Oct 28 (8:00 PM)


Sat, Oct 30 (8:00 PM)


Sun, Oct 31 (1:00 PM)



",AVAILABLE,"254 Veterans Way Carmel, IN 46032 ",35.0,23.0,20.0,22.0,34.0,36.0,17.5
Punch for Veterans  Boxing Class,"
	$0 – $20
","
2326 E 44th St
2326 East 44th Street 
Indianapolis, IN 46205 
United States 

View Map
View Map

","



Multiple Dates





Sat, Oct 16 (9:00 AM)


Sat, Oct 23 (9:00 AM)


Sat, Oct 30 (9:00 AM)


Sat, Nov 6 (9:00 AM)


Sat, Nov 13 (9:00 AM)


Sat, Nov 20 (9:00 AM)



",AVAILABLE,"2326 East 44th Street Indianapolis, IN 46205 ",18.0,5.0,30.0,20.0,17.0,19.0,10.0
"Indianapolis Virtual Game Night: Trivia, Charades, and Drawing over Video","
	Free
","
40 E St Clair St
40 East Saint Clair Street 
Indianapolis, IN 46204 
United States 

View Map
View Map

","



Multiple Dates





Thu, Oct 14 (7:00 PM)


Fri, Oct 15 (7:00 PM)


Sat, Oct 16 (7:00 PM)


Sun, Oct 17 (7:00 PM)


Thu, Oct 21 (7:00 PM)


Fri, Oct 22 (7:00 PM)


Sat, Oct 23 (7:00 PM)


Sun, Oct 24 (7:00 PM)


Thu, Oct 28 (7:00 PM)


Fri, Oct 29 (7:00 PM)


Sat, Oct 30 (7:00 PM)


Sun, Oct 31 (7:00 PM)


Thu, Nov 4 (7:00 PM)


Fri, Nov 5 (7:00 PM)


Sat, Nov 6 (7:00 PM)


Sun, Nov 7 (7:00 PM)


Thu, Nov 11 (7:00 PM)


Fri, Nov 12 (7:00 PM)


Sat, Nov 13 (7:00 PM)


Sun, Nov 14 (7:00 PM)


Thu, Nov 18 (7:00 PM)


Fri, Nov 19 (7:00 PM)


Sat, Nov 20 (7:00 PM)


Sun, Nov 21 (7:00 PM)



",AVAILABLE,"40 East Saint Clair Street Indianapolis, IN 46204 ",8.0,16.0,26.0,28.0,6.0,7.0,0.0
Amazing Scavenger Hunt Adventure - Indianapolis,"
	$44
","
40 E St Clair St
Central Public Library 
Indianapolis, IN 46204 
United States 

View Map
View Map

","



Multiple Dates





Thu, Oct 14 (8:00 AM)


Fri, Oct 15 (8:00 AM)


Sat, Oct 16 (8:00 AM)


Sun, Oct 17 (8:00 AM)


Mon, Oct 18 (8:00 AM)


Tue, Oct 19 (8:00 AM)


Wed, Oct 20 (8:00 AM)


Thu, Oct 21 (8:00 AM)


Fri, Oct 22 (8:00 AM)


Sat, Oct 23 (8:00 AM)


Sun, Oct 24 (8:00 AM)


Mon, Oct 25 (8:00 AM)


Tue, Oct 26 (8:00 AM)


Wed, Oct 27 (8:00 AM)


Thu, Oct 28 (8:00 AM)


Fri, Oct 29 (8:00 AM)


Sat, Oct 30 (8:00 AM)


Sun, Oct 31 (8:00 AM)


Mon, Nov 1 (8:00 AM)


Tue, Nov 2 (8:00 AM)


Wed, Nov 3 (8:00 AM)


Thu, Nov 4 (8:00 AM)


Fri, Nov 5 (8:00 AM)


Sat, Nov 6 (8:00 AM)


Sun, Nov 7 (8:00 AM)


Mon, Nov 8 (8:00 AM)


Tue, Nov 9 (8:00 AM)


Wed, Nov 10 (8:00 AM)


Thu, Nov 11 (8:00 AM)


Fri, Nov 12 (8:00 AM)


Sat, Nov 13 (8:00 AM)


Sun, Nov 14 (8:00 AM)


Mon, Nov 15 (8:00 AM)


Tue, Nov 16 (8:00 AM)


Wed, Nov 17 (8:00 AM)


Thu, Nov 18 (8:00 AM)


Fri, Nov 19 (8:00 AM)


Sat, Nov 20 (8:00 AM)


Sun, Nov 21 (8:00 AM)


Mon, Nov 22 (8:00 AM)


Tue, Nov 23 (8:00 AM)



",AVAILABLE,"Central Public Library Indianapolis, IN 46204 ",8.0,16.0,26.0,28.0,6.0,7.0,44.0
Social Anxiety Indianapolis - Free Trial Virtual Group Session,"
	Free
","
Indianapolis
Indianapolis 
Indianapolis, IN 
United States 

View Map
View Map

","



Multiple Dates





Sat, Oct 16 (12:00 PM)


Sat, Oct 23 (12:00 PM)


Sat, Oct 30 (12:00 PM)


Sat, Nov 6 (12:00 PM)


Sat, Nov 13 (12:00 PM)


Sat, Nov 20 (12:00 PM)



",AVAILABLE,Virtual,0.0,0.0,0.0,0.0,0.0,0.0,0.0
"Boots & Bourbon 2021~ Bourbon, Spirits and Wine Tasting","
	$15 – $65
","
Hancock County 4-H Fairgrounds
620 N. Apple Street 
Greenfield, IN 46140 
United States 

View Map
View Map

","



Sat, October 23, 2021
4:00 PM – 7:00 PM EDT

Add to calendar


",AVAILABLE,"620 N. Apple Street Greenfield, IN 46140 ",36.0,38.0,48.0,39.0,35.0,37.0,40.0
Learn Real Estate AirBnB Wholesale Fix_Flip Buy_Hold_More - Indianapolis,"
	$10
","
Indianapolis
Online event 
Indianapolis, IN 46227 
United States 

View Map
View Map

","



Multiple Dates





Thu, Oct 14 (8:00 PM)


Sat, Oct 16 (10:00 AM)


Wed, Oct 20 (9:00 PM)


Thu, Oct 21 (8:00 PM)


Sat, Oct 23 (10:00 AM)


Wed, Oct 27 (9:00 PM)


Thu, Oct 28 (8:00 PM)


Sat, Oct 30 (10:00 AM)


Wed, Nov 3 (9:00 PM)


Thu, Nov 4 (8:00 PM)


Sat, Nov 6 (10:00 AM)


Wed, Nov 10 (9:00 PM)


Thu, Nov 11 (8:00 PM)


Sat, Nov 13 (10:00 AM)


Wed, Nov 17 (9:00 PM)


Thu, Nov 18 (8:00 PM)


Sat, Nov 20 (10:00 AM)



",AVAILABLE,Virtual,0.0,0.0,0.0,0.0,0.0,0.0,10.0
Fix and Flip/Fix and Hold Property Tour - Online Indianapolis,"
	Free
","
Online Live via zoom
Meeting ID will be provided after confirmation 
Nationwide anywhere in the US 
Indiananapolis, IN 
United States 
","



Multiple Dates





Sat, Oct 16 (11:00 AM)


Sat, Oct 23 (11:00 AM)


Sat, Oct 30 (11:00 AM)


Sat, Nov 6 (11:00 AM)


Sat, Nov 13 (11:00 AM)


Sat, Nov 20 (11:00 AM)



",AVAILABLE,Virtual,0.0,0.0,0.0,0.0,0.0,0.0,0.0
Yoga on the Green,"
	$20
","
Prolific Event Suites
3402 West 30th Street 
Indianapolis, IN 46222 
United States 

View Map
View Map

","



Sat, October 23, 2021
10:00 AM – 11:00 AM EDT

Add to calendar


",AVAILABLE,"3402 West 30th Street Indianapolis, IN 46222 ",10.0,16.0,21.0,33.0,16.0,15.0,20.0
Pull Up and Toes to Bar Clinic,"
	$30
","
Southside Athletics & Barbell Club
5305 Commerce Square Drive 
#Suite A 
Indianapolis, IN 46237 
United States 

View Map
View Map

","



Sat, October 23, 2021
8:00 AM – 9:30 AM EDT

Add to calendar


",AVAILABLE,5305 Commerce Square Drive #Suite A ,22.0,33.0,41.0,36.0,17.0,15.0,30.0
Stock Market Mentorship Program,"
	$30 – $75
","
Indianapolis
Online (Virtual) 
Indianapolis, IN 46205 
United States 

View Map
View Map

","



Multiple Dates





Sat, Oct 16 (1:00 PM)


Sat, Oct 23 (1:00 PM)


Sat, Oct 30 (1:00 PM)


Sat, Nov 6 (1:00 PM)


Sat, Nov 13 (1:00 PM)


Sat, Nov 20 (1:00 PM)



",AVAILABLE,Virtual,0.0,0.0,0.0,0.0,0.0,0.0,52.5
CELEBRATE YOUR BIRTHDAY WITH AVEDA,"
	Free
","
AVEDA KEYSTONE
8701 Keystone Crossing 
Indianapolis, IN 46240 
United States 

View Map
View Map

","



Multiple Dates





Thu, Oct 14 (11:00 AM)


Fri, Oct 15 (11:00 AM)


Sat, Oct 16 (11:00 AM)


Sun, Oct 17 (12:00 PM)


Mon, Oct 18 (11:00 AM)


Tue, Oct 19 (11:00 AM)


Wed, Oct 20 (11:00 AM)


Thu, Oct 21 (11:00 AM)


Fri, Oct 22 (11:00 AM)


Sat, Oct 23 (11:00 AM)


Sun, Oct 24 (12:00 PM)


Mon, Oct 25 (11:00 AM)


Tue, Oct 26 (11:00 AM)


Wed, Oct 27 (11:00 AM)


Thu, Oct 28 (11:00 AM)


Fri, Oct 29 (11:00 AM)


Sat, Oct 30 (11:00 AM)


Sun, Oct 31 (12:00 PM)


Mon, Nov 1 (11:00 AM)


Tue, Nov 2 (11:00 AM)


Wed, Nov 3 (11:00 AM)


Thu, Nov 4 (11:00 AM)


Fri, Nov 5 (11:00 AM)


Sat, Nov 6 (11:00 AM)


Sun, Nov 7 (12:00 PM)


Mon, Nov 8 (11:00 AM)


Tue, Nov 9 (11:00 AM)


Wed, Nov 10 (11:00 AM)


Thu, Nov 11 (11:00 AM)


Fri, Nov 12 (11:00 AM)


Sat, Nov 13 (11:00 AM)


Sun, Nov 14 (12:00 PM)


Mon, Nov 15 (11:00 AM)


Tue, Nov 16 (11:00 AM)


Wed, Nov 17 (11:00 AM)


Thu, Nov 18 (11:00 AM)


Fri, Nov 19 (11:00 AM)


Sat, Nov 20 (11:00 AM)


Sun, Nov 21 (12:00 PM)


Mon, Nov 22 (11:00 AM)



",AVAILABLE,"8701 Keystone Crossing Indianapolis, IN 46240 ",31.0,17.0,20.0,19.0,32.0,34.0,0.0
Yoga & Beer - Triton Brewing Co,"
	$20
","
Triton Brewing Company and Bistro
5764 Wheeler Road 
Indianapolis, IN 46216 
United States 

View Map
View Map

","



Sat, October 23, 2021
11:00 AM – 12:00 PM EDT

Add to calendar


",AVAILABLE,"5764 Wheeler Road Indianapolis, IN 46216 ",26.0,20.0,30.0,21.0,25.0,27.0,20.0
"Federal Benefits & Retirement Workshop - Indianapolis, IN","
	Free
","
Indianapolis Public Library - Pike Branch
6525 Zionsville Road 
Indianapolis, IN 46268 
United States 

View Map
View Map

","



Sun, October 24, 2021
2:00 PM – 4:00 PM EDT

Add to calendar


",AVAILABLE,"6525 Zionsville Road Indianapolis, IN 46268 ",20.0,21.0,14.0,30.0,22.0,21.0,0.0
$65 Adult/Child/Infant CPR AED First Aid Training,"
	Free
","
1 Life 2 Live Health and Safety Training, LLC
11903 East Welland Street 
#suite F 
Indianapolis, IN 46229 
United States 

View Map
View Map

","



Multiple Dates





Thu, Oct 14 (9:00 AM)


Fri, Oct 15 (9:00 AM)


Sat, Oct 16 (9:00 AM)


Sun, Oct 17 (9:00 AM)


Mon, Oct 18 (9:00 AM)


Tue, Oct 19 (9:00 AM)


Wed, Oct 20 (9:00 AM)


Thu, Oct 21 (9:00 AM)


Fri, Oct 22 (9:00 AM)


Sat, Oct 23 (9:00 AM)


Sun, Oct 24 (9:00 AM)


Mon, Oct 25 (9:00 AM)


Tue, Oct 26 (9:00 AM)


Wed, Oct 27 (9:00 AM)


Thu, Oct 28 (9:00 AM)


Fri, Oct 29 (9:00 AM)


Sat, Oct 30 (9:00 AM)


Sun, Oct 31 (9:00 AM)


Mon, Nov 1 (9:00 AM)


Tue, Nov 2 (9:00 AM)



",AVAILABLE,11903 East Welland Street #suite F ,26.0,29.0,39.0,30.0,25.0,26.0,0.0
The Womb Care Holistic Party,"
	$99
","
120 E Market St
120 East Market Street 
Indianapolis, IN 46204 
United States 

View Map
View Map

","



Sat, October 23, 2021
5:00 PM – 10:00 PM EDT

Add to calendar


",AVAILABLE,"120 East Market Street Indianapolis, IN 46204 ",9.0,19.0,29.0,31.0,4.0,7.0,99.0
"Become  A Home-Based Travel Agent (Indianapolis, IN)","
	Free
","
Homewood Suites by Hilton Indianapolis
4140 West 94th Street 
Indianapolis, IN 46268 
United States 

View Map
View Map

","



Multiple Dates





Thu, Oct 14 (8:00 PM)


Sat, Oct 16 (2:00 PM)


Thu, Oct 21 (8:00 PM)


Sat, Oct 23 (2:00 PM)


Thu, Oct 28 (8:00 PM)


Sat, Oct 30 (2:00 PM)


Thu, Nov 4 (8:00 PM)


Sat, Nov 6 (2:00 PM)


Thu, Nov 11 (8:00 PM)


Sat, Nov 13 (2:00 PM)


Thu, Nov 18 (8:00 PM)


Sat, Nov 20 (2:00 PM)



",AVAILABLE,"4140 West 94th Street Indianapolis, IN 46268 ",25.0,24.0,13.0,25.0,27.0,27.0,0.0
Virtual Speed Dating for Professional Singles!,"
	$44
","
Indianapolis
123 Main Street 
Indianapolis, IN 46201 
United States 

View Map
View Map

","



Sat, October 23, 2021
9:00 PM – 10:30 PM EDT

Add to calendar


",AVAILABLE,"123 Main Street Indianapolis, IN 46201 ",21.0,28.0,38.0,30.0,16.0,14.0,44.0
"HOW TO BE A HOME BASED TRAVEL AGENT (Indianapolis,IN)No Experience Needed","
	Free
","
Homewood Suites by Hilton Indianapolis Northwest
4140 West 94th Street 
Indianapolis, IN 46268 
United States 

View Map
View Map

","



Multiple Dates





Thu, Oct 14 (8:00 PM)


Sat, Oct 16 (2:00 PM)


Sun, Oct 17 (4:00 PM)


Thu, Oct 21 (8:00 PM)


Sat, Oct 23 (2:00 PM)


Sun, Oct 24 (4:00 PM)


Thu, Oct 28 (8:00 PM)


Sat, Oct 30 (2:00 PM)


Sun, Oct 31 (4:00 PM)


Thu, Nov 4 (8:00 PM)


Sat, Nov 6 (2:00 PM)


Sun, Nov 7 (4:00 PM)


Thu, Nov 11 (8:00 PM)


Sat, Nov 13 (2:00 PM)


Sun, Nov 14 (4:00 PM)


Thu, Nov 18 (8:00 PM)


Sat, Nov 20 (2:00 PM)


Sun, Nov 21 (4:00 PM)



",AVAILABLE,"4140 West 94th Street Indianapolis, IN 46268 ",25.0,24.0,13.0,25.0,27.0,27.0,0.0
Life  & Times of Madge Oberholtzer,"
	Donation
","
Bona Thompson Memorial Center
5350 East University Avenue 
Indianapolis, IN 46219 
United States 

View Map
View Map

","



Multiple Dates





Sat, Oct 16 (1:00 PM) [Sold Out]


Sun, Oct 17 (1:00 PM) [Sold Out]


Sat, Oct 23 (1:00 PM)


Sun, Oct 24 (1:00 PM)


Sat, Oct 30 (1:00 PM)


Sun, Oct 31 (1:00 PM)


Sat, Nov 6 (1:00 PM)


Sun, Nov 7 (1:00 PM)


Sat, Nov 13 (1:00 PM)


Sun, Nov 14 (1:00 PM)



",AVAILABLE,"5350 East University Avenue Indianapolis, IN 46219 ",20.0,23.0,35.0,27.0,14.0,14.0,0.0
"Make Your Own ""Welcome"" Sign","
	$50
","
Rockler Woodworking and Hardware - Indianapolis
8452 Castleton Corner Dr 
Indianapolis, IL 46250 
United States 

View Map
View Map

","



Sat, October 23, 2021
9:00 AM – 12:00 PM EDT

Add to calendar


",AVAILABLE,"8452 Castleton Corner Dr Indianapolis, IL 46250 ",26.0,17.0,21.0,14.0,25.0,27.0,50.0
Startups Mentorship Program,"
	$30 – $75
","
Indianapolis
Virtual (Online) 
Indianapolis, IN 46201 
United States 

View Map
View Map

","



Multiple Dates





Sat, Oct 16 (11:00 AM)


Sat, Oct 23 (11:00 AM)


Sat, Oct 30 (11:00 AM)


Sat, Nov 6 (11:00 AM)


Sat, Nov 13 (11:00 AM)


Sat, Nov 20 (11:00 AM)



",AVAILABLE,Virtual,0.0,0.0,0.0,0.0,0.0,0.0,52.5
[Free Masterclass] Google Analytics Beginners Tips & Tricks in Indianapolis,"
	Free
","
Indianapolis, Indiana
1420 N Capitol Ave 
Indianapolis, IN 46202 
United States 

View Map
View Map

","



Multiple Dates EST





Thu, Oct 14 (1:00 PM)


Fri, Oct 15 (1:00 PM)


Sat, Oct 16 (1:00 PM)


Sun, Oct 17 (1:00 PM)


Mon, Oct 18 (1:00 PM)


Tue, Oct 19 (1:00 PM)


Wed, Oct 20 (1:00 PM)


Thu, Oct 21 (1:00 PM)


Fri, Oct 22 (1:00 PM)


Sat, Oct 23 (1:00 PM)


Sun, Oct 24 (1:00 PM)


Mon, Oct 25 (1:00 PM)


Tue, Oct 26 (1:00 PM)


Wed, Oct 27 (1:00 PM)


Thu, Oct 28 (1:00 PM)


Fri, Oct 29 (1:00 PM)


Sat, Oct 30 (1:00 PM)


Sun, Oct 31 (1:00 PM)


Mon, Nov 1 (1:00 PM)


Tue, Nov 2 (1:00 PM)


Wed, Nov 3 (1:00 PM)


Thu, Nov 4 (1:00 PM)


Fri, Nov 5 (1:00 PM)


Sat, Nov 6 (1:00 PM)


Sun, Nov 7 (1:00 PM)


Mon, Nov 8 (1:00 PM)


Tue, Nov 9 (1:00 PM)


Wed, Nov 10 (1:00 PM)


Thu, Nov 11 (1:00 PM)


Fri, Nov 12 (1:00 PM)


Sat, Nov 13 (1:00 PM)


Sun, Nov 14 (1:00 PM)


Mon, Nov 15 (1:00 PM)


Tue, Nov 16 (1:00 PM)


Wed, Nov 17 (1:00 PM)


Thu, Nov 18 (1:00 PM)


Fri, Nov 19 (1:00 PM)


Sat, Nov 20 (1:00 PM)


Sun, Nov 21 (1:00 PM)


Mon, Nov 22 (1:00 PM)



",AVAILABLE,"1420 N Capitol Ave Indianapolis, IN 46202 ",10.0,15.0,26.0,30.0,9.0,9.0,0.0
[Free Masterclass] How to Write SEO Friendly Google Content in Indianapolis,"
	Free
","
Indianapolis, Indiana
1420 N Capitol Ave 
Indianapolis, IN 46202 
United States 

View Map
View Map

","



Multiple Dates EST





Thu, Oct 14 (1:00 PM)


Fri, Oct 15 (1:00 PM)


Sat, Oct 16 (1:00 PM)


Sun, Oct 17 (1:00 PM)


Mon, Oct 18 (1:00 PM)


Tue, Oct 19 (1:00 PM)


Wed, Oct 20 (1:00 PM)


Thu, Oct 21 (1:00 PM)


Fri, Oct 22 (1:00 PM)


Sat, Oct 23 (1:00 PM)


Sun, Oct 24 (1:00 PM)


Mon, Oct 25 (1:00 PM)


Tue, Oct 26 (1:00 PM)


Wed, Oct 27 (1:00 PM)


Thu, Oct 28 (1:00 PM)


Fri, Oct 29 (1:00 PM)


Sat, Oct 30 (1:00 PM)


Sun, Oct 31 (1:00 PM)


Mon, Nov 1 (1:00 PM)


Tue, Nov 2 (1:00 PM)


Wed, Nov 3 (1:00 PM)


Thu, Nov 4 (1:00 PM)


Fri, Nov 5 (1:00 PM)


Sat, Nov 6 (1:00 PM)


Sun, Nov 7 (1:00 PM)


Mon, Nov 8 (1:00 PM)


Tue, Nov 9 (1:00 PM)


Wed, Nov 10 (1:00 PM)


Thu, Nov 11 (1:00 PM)


Fri, Nov 12 (1:00 PM)


Sat, Nov 13 (1:00 PM)


Sun, Nov 14 (1:00 PM)


Mon, Nov 15 (1:00 PM)


Tue, Nov 16 (1:00 PM)


Wed, Nov 17 (1:00 PM)


Thu, Nov 18 (1:00 PM)


Fri, Nov 19 (1:00 PM)


Sat, Nov 20 (1:00 PM)


Sun, Nov 21 (1:00 PM)


Mon, Nov 22 (1:00 PM)



",AVAILABLE,"1420 N Capitol Ave Indianapolis, IN 46202 ",10.0,15.0,26.0,30.0,9.0,9.0,0.0
[Free Masterclass] Rank #1 on Google Maps & Yelp: Local SEO in Indianapolis,"
	Free
","
Indianapolis, Indiana
1420 N Capitol Ave 
Indianapolis, IN 46202 
United States 

View Map
View Map

","



Multiple Dates EST





Thu, Oct 14 (1:00 PM)


Fri, Oct 15 (1:00 PM)


Sat, Oct 16 (1:00 PM)


Sun, Oct 17 (1:00 PM)


Mon, Oct 18 (1:00 PM)


Tue, Oct 19 (1:00 PM)


Wed, Oct 20 (1:00 PM)


Thu, Oct 21 (1:00 PM)


Fri, Oct 22 (1:00 PM)


Sat, Oct 23 (1:00 PM)


Sun, Oct 24 (1:00 PM)


Mon, Oct 25 (1:00 PM)


Tue, Oct 26 (1:00 PM)


Wed, Oct 27 (1:00 PM)


Thu, Oct 28 (1:00 PM)


Fri, Oct 29 (1:00 PM)


Sat, Oct 30 (1:00 PM)


Sun, Oct 31 (1:00 PM)


Mon, Nov 1 (1:00 PM)


Tue, Nov 2 (1:00 PM)


Wed, Nov 3 (1:00 PM)


Thu, Nov 4 (1:00 PM)


Fri, Nov 5 (1:00 PM)


Sat, Nov 6 (1:00 PM)


Sun, Nov 7 (1:00 PM)


Mon, Nov 8 (1:00 PM)


Tue, Nov 9 (1:00 PM)


Wed, Nov 10 (1:00 PM)


Thu, Nov 11 (1:00 PM)


Fri, Nov 12 (1:00 PM)


Sat, Nov 13 (1:00 PM)


Sun, Nov 14 (1:00 PM)


Mon, Nov 15 (1:00 PM)


Tue, Nov 16 (1:00 PM)


Wed, Nov 17 (1:00 PM)


Thu, Nov 18 (1:00 PM)


Fri, Nov 19 (1:00 PM)


Sat, Nov 20 (1:00 PM)


Sun, Nov 21 (1:00 PM)


Mon, Nov 22 (1:00 PM)



",AVAILABLE,"1420 N Capitol Ave Indianapolis, IN 46202 ",10.0,15.0,26.0,30.0,9.0,9.0,0.0
"""Become a Home-Based Travel Agent"" Indpls, IN.   (NO EXPERIENCE NECESSARY)","
	Free
","
Homewood Suites by Hilton Indianapolis Northwest
4140 West 94th Street 
Indianapolis, IN 46268 
United States 

View Map
View Map

","



Multiple Dates





Thu, Oct 14 (8:00 PM)


Sat, Oct 16 (2:00 PM)


Mon, Oct 18 (6:30 PM)


Thu, Oct 21 (8:00 PM)


Sat, Oct 23 (2:00 PM)


Mon, Oct 25 (6:30 PM)


Thu, Oct 28 (8:00 PM)


Sat, Oct 30 (2:00 PM)


Mon, Nov 1 (6:30 PM)


Thu, Nov 4 (8:00 PM)


Sat, Nov 6 (2:00 PM)


Mon, Nov 8 (6:30 PM)


Thu, Nov 11 (8:00 PM)


Sat, Nov 13 (2:00 PM)


Mon, Nov 15 (6:30 PM)


Thu, Nov 18 (8:00 PM)


Sat, Nov 20 (2:00 PM)


Mon, Nov 22 (6:30 PM)



",AVAILABLE,"4140 West 94th Street Indianapolis, IN 46268 ",25.0,24.0,13.0,25.0,27.0,27.0,0.0
[Free Masterclass] Get More Targeted Instagram Followers in Indianapolis,"
	Free
","
Indianapolis, Indiana
1420 N Capitol Ave 
Indianapolis, IN 46202 
United States 

View Map
View Map

","



Multiple Dates EST





Thu, Oct 14 (1:00 PM)


Fri, Oct 15 (1:00 PM)


Sat, Oct 16 (1:00 PM)


Sun, Oct 17 (1:00 PM)


Mon, Oct 18 (1:00 PM)


Tue, Oct 19 (1:00 PM)


Wed, Oct 20 (1:00 PM)


Thu, Oct 21 (1:00 PM)


Fri, Oct 22 (1:00 PM)


Sat, Oct 23 (1:00 PM)


Sun, Oct 24 (1:00 PM)


Mon, Oct 25 (1:00 PM)


Tue, Oct 26 (1:00 PM)


Wed, Oct 27 (1:00 PM)


Thu, Oct 28 (1:00 PM)


Fri, Oct 29 (1:00 PM)


Sat, Oct 30 (1:00 PM)


Sun, Oct 31 (1:00 PM)


Mon, Nov 1 (1:00 PM)


Tue, Nov 2 (1:00 PM)


Wed, Nov 3 (1:00 PM)


Thu, Nov 4 (1:00 PM)


Fri, Nov 5 (1:00 PM)


Sat, Nov 6 (1:00 PM)


Sun, Nov 7 (1:00 PM)


Mon, Nov 8 (1:00 PM)


Tue, Nov 9 (1:00 PM)


Wed, Nov 10 (1:00 PM)


Thu, Nov 11 (1:00 PM)


Fri, Nov 12 (1:00 PM)


Sat, Nov 13 (1:00 PM)


Sun, Nov 14 (1:00 PM)


Mon, Nov 15 (1:00 PM)


Tue, Nov 16 (1:00 PM)


Wed, Nov 17 (1:00 PM)


Thu, Nov 18 (1:00 PM)


Fri, Nov 19 (1:00 PM)


Sat, Nov 20 (1:00 PM)


Sun, Nov 21 (1:00 PM)


Mon, Nov 22 (1:00 PM)



",AVAILABLE,"1420 N Capitol Ave Indianapolis, IN 46202 ",10.0,15.0,26.0,30.0,9.0,9.0,0.0
See Yourself in Tech: First Steps to a Tech Career,"
	Free
","
Indianapolis Public Library - Central Library
40 East Saint Clair Street 
Indianapolis, IN 46204 
United States 

View Map
View Map

","



Sat, October 23, 2021
2:00 PM – 4:00 PM EDT

Add to calendar


",AVAILABLE,"40 East Saint Clair Street Indianapolis, IN 46204 ",8.0,16.0,26.0,28.0,6.0,7.0,0.0
Startups Fund Raising Program,"
	$30 – $75
","
Indianapolis
Virtual (Online) 
Indianapolis, IN 46202 
United States 

View Map
View Map

","



Multiple Dates





Sat, Oct 16 (12:00 PM)


Sat, Oct 23 (12:00 PM)


Sat, Oct 30 (12:00 PM)


Sat, Nov 6 (12:00 PM)


Sat, Nov 13 (12:00 PM)


Sat, Nov 20 (12:00 PM)



",AVAILABLE,Virtual,0.0,0.0,0.0,0.0,0.0,0.0,52.5
[Free Masterclass] SEO Link Building Strategies 101 in Indianapolis,"
	Free
","
Indianapolis, Indiana
1420 N Capitol Ave 
Indianapolis, IN 46202 
United States 

View Map
View Map

","



Multiple Dates EST





Thu, Oct 14 (1:00 PM)


Fri, Oct 15 (1:00 PM)


Sat, Oct 16 (1:00 PM)


Sun, Oct 17 (1:00 PM)


Mon, Oct 18 (1:00 PM)


Tue, Oct 19 (1:00 PM)


Wed, Oct 20 (1:00 PM)


Thu, Oct 21 (1:00 PM)


Fri, Oct 22 (1:00 PM)


Sat, Oct 23 (1:00 PM)


Sun, Oct 24 (1:00 PM)


Mon, Oct 25 (1:00 PM)


Tue, Oct 26 (1:00 PM)


Wed, Oct 27 (1:00 PM)


Thu, Oct 28 (1:00 PM)


Fri, Oct 29 (1:00 PM)


Sat, Oct 30 (1:00 PM)


Sun, Oct 31 (1:00 PM)


Mon, Nov 1 (1:00 PM)


Tue, Nov 2 (1:00 PM)


Wed, Nov 3 (1:00 PM)


Thu, Nov 4 (1:00 PM)


Fri, Nov 5 (1:00 PM)


Sat, Nov 6 (1:00 PM)


Sun, Nov 7 (1:00 PM)


Mon, Nov 8 (1:00 PM)


Tue, Nov 9 (1:00 PM)


Wed, Nov 10 (1:00 PM)


Thu, Nov 11 (1:00 PM)


Fri, Nov 12 (1:00 PM)


Sat, Nov 13 (1:00 PM)


Sun, Nov 14 (1:00 PM)


Mon, Nov 15 (1:00 PM)


Tue, Nov 16 (1:00 PM)


Wed, Nov 17 (1:00 PM)


Thu, Nov 18 (1:00 PM)


Fri, Nov 19 (1:00 PM)


Sat, Nov 20 (1:00 PM)


Sun, Nov 21 (1:00 PM)


Mon, Nov 22 (1:00 PM)



",AVAILABLE,"1420 N Capitol Ave Indianapolis, IN 46202 ",10.0,15.0,26.0,30.0,9.0,9.0,0.0
How To Save and Fix your Relationship/Marriage- Indianapolis,"
	Free
","
Indianapolis
Virtual Via Zoom 
Indianapolis, IN 46183 
United States 

View Map
View Map

","



Multiple Dates





Sun, Oct 17 (6:00 PM)


Sun, Oct 24 (6:00 PM)


Sun, Oct 31 (6:00 PM)



",AVAILABLE,Virtual,0.0,0.0,0.0,0.0,0.0,0.0,0.0
[Free Masterclass] Google AdWords Tutorial & Walk Through in Indianapolis,"
	Free
","
Indianapolis, Indiana
1420 N Capitol Ave 
Indianapolis, IN 46202 
United States 

View Map
View Map

","



Multiple Dates EST





Thu, Oct 14 (1:00 PM)


Fri, Oct 15 (1:00 PM)


Sat, Oct 16 (1:00 PM)


Sun, Oct 17 (1:00 PM)


Mon, Oct 18 (1:00 PM)


Tue, Oct 19 (1:00 PM)


Wed, Oct 20 (1:00 PM)


Thu, Oct 21 (1:00 PM)


Fri, Oct 22 (1:00 PM)


Sat, Oct 23 (1:00 PM)


Sun, Oct 24 (1:00 PM)


Mon, Oct 25 (1:00 PM)


Tue, Oct 26 (1:00 PM)


Wed, Oct 27 (1:00 PM)


Thu, Oct 28 (1:00 PM)


Fri, Oct 29 (1:00 PM)


Sat, Oct 30 (1:00 PM)


Sun, Oct 31 (1:00 PM)


Mon, Nov 1 (1:00 PM)


Tue, Nov 2 (1:00 PM)


Wed, Nov 3 (1:00 PM)


Thu, Nov 4 (1:00 PM)


Fri, Nov 5 (1:00 PM)


Sat, Nov 6 (1:00 PM)


Sun, Nov 7 (1:00 PM)


Mon, Nov 8 (1:00 PM)


Tue, Nov 9 (1:00 PM)


Wed, Nov 10 (1:00 PM)


Thu, Nov 11 (1:00 PM)


Fri, Nov 12 (1:00 PM)


Sat, Nov 13 (1:00 PM)


Sun, Nov 14 (1:00 PM)


Mon, Nov 15 (1:00 PM)


Tue, Nov 16 (1:00 PM)


Wed, Nov 17 (1:00 PM)


Thu, Nov 18 (1:00 PM)


Fri, Nov 19 (1:00 PM)


Sat, Nov 20 (1:00 PM)


Sun, Nov 21 (1:00 PM)


Mon, Nov 22 (1:00 PM)



",AVAILABLE,"1420 N Capitol Ave Indianapolis, IN 46202 ",10.0,15.0,26.0,30.0,9.0,9.0,0.0
Weekly Bible Class,"
	Free
","
4713 Shadeland Ave
4713 Shadeland Avenue 
Indianapolis, IN 46226 
United States 

View Map
View Map

","



Multiple Dates





Sat, Oct 16 (12:00 PM)


Sat, Oct 23 (12:00 PM)


Sat, Oct 30 (12:00 PM)


Sat, Nov 6 (12:00 PM)


Sat, Nov 13 (12:00 PM)


Sat, Nov 20 (12:00 PM)



",AVAILABLE,"4713 Shadeland Avenue Indianapolis, IN 46226 ",22.0,13.0,24.0,15.0,21.0,23.0,0.0
Outdoor Event Space,"
	$89.95
","
4216 Kingsley Dr
4216 Kingsley Drive 
Indianapolis, IN 46205 
United States 

View Map
View Map

","



Multiple Dates





Thu, Oct 14 (6:00 AM)


Fri, Oct 15 (6:00 AM)


Sat, Oct 16 (6:00 AM)


Sun, Oct 17 (6:00 AM)


Mon, Oct 18 (6:00 AM)


Tue, Oct 19 (6:00 AM)


Wed, Oct 20 (6:00 AM)


Thu, Oct 21 (6:00 AM)


Fri, Oct 22 (6:00 AM)


Sat, Oct 23 (6:00 AM)


Sun, Oct 24 (6:00 AM)


Mon, Oct 25 (6:00 AM)


Tue, Oct 26 (6:00 AM)


Wed, Oct 27 (6:00 AM)


Thu, Oct 28 (6:00 AM)


Fri, Oct 29 (6:00 AM)


Sat, Oct 30 (6:00 AM)


Sun, Oct 31 (6:00 AM)


Mon, Nov 1 (6:00 AM)


Tue, Nov 2 (6:00 AM)


Wed, Nov 3 (6:00 AM)


Thu, Nov 4 (6:00 AM)


Fri, Nov 5 (6:00 AM)


Sat, Nov 6 (6:00 AM)


Sun, Nov 7 (6:00 AM)


Mon, Nov 8 (6:00 AM)


Tue, Nov 9 (6:00 AM)


Wed, Nov 10 (6:00 AM)


Thu, Nov 11 (6:00 AM)


Fri, Nov 12 (6:00 AM)


Sat, Nov 13 (6:00 AM)


Sun, Nov 14 (6:00 AM)


Mon, Nov 15 (6:00 AM)


Tue, Nov 16 (6:00 AM)


Wed, Nov 17 (6:00 AM)


Thu, Nov 18 (6:00 AM)


Fri, Nov 19 (6:00 AM)


Sat, Nov 20 (6:00 AM)


Sun, Nov 21 (6:00 AM)


Mon, Nov 22 (6:00 AM)


Tue, Nov 23 (6:00 AM)



",AVAILABLE,"4216 Kingsley Drive Indianapolis, IN 46205 ",18.0,6.0,30.0,21.0,16.0,18.0,89.95
Kids Autumn Cookie Art Class,"
	$30
","
Teal Canary
199 North Madison Avenue 
Greenwood, IN 46142 
United States 

View Map
View Map

","



Sat, October 23, 2021
11:00 AM – 12:00 PM EDT

Add to calendar


",AVAILABLE,"199 North Madison Avenue Greenwood, IN 46142 ",28.0,39.0,46.0,42.0,24.0,23.0,30.0
Make Your Own Cheese Board,"
	$50
","
Rockler Woodworking and Hardware - Indianapolis
8452 Castleton Corner Dr 
Indianapolis, IL 46250 
United States 

View Map
View Map

","



Sun, October 24, 2021
9:00 AM – 12:00 PM EDT

Add to calendar


",AVAILABLE,"8452 Castleton Corner Dr Indianapolis, IL 46250 ",26.0,17.0,21.0,14.0,25.0,27.0,50.0
[Free Masterclass] How To Optimize & Rank YouTube Videos in Indianapolis,"
	Free
","
Indianapolis, Indiana
1420 N Capitol Ave 
Indianapolis, IN 46202 
United States 

View Map
View Map

","



Multiple Dates EST





Thu, Oct 14 (1:00 PM)


Fri, Oct 15 (1:00 PM)


Sat, Oct 16 (1:00 PM)


Sun, Oct 17 (1:00 PM)


Mon, Oct 18 (1:00 PM)


Tue, Oct 19 (1:00 PM)


Wed, Oct 20 (1:00 PM)


Thu, Oct 21 (1:00 PM)


Fri, Oct 22 (1:00 PM)


Sat, Oct 23 (1:00 PM)


Sun, Oct 24 (1:00 PM)


Mon, Oct 25 (1:00 PM)


Tue, Oct 26 (1:00 PM)


Wed, Oct 27 (1:00 PM)


Thu, Oct 28 (1:00 PM)


Fri, Oct 29 (1:00 PM)


Sat, Oct 30 (1:00 PM)


Sun, Oct 31 (1:00 PM)


Mon, Nov 1 (1:00 PM)


Tue, Nov 2 (1:00 PM)


Wed, Nov 3 (1:00 PM)


Thu, Nov 4 (1:00 PM)


Fri, Nov 5 (1:00 PM)


Sat, Nov 6 (1:00 PM)


Sun, Nov 7 (1:00 PM)


Mon, Nov 8 (1:00 PM)


Tue, Nov 9 (1:00 PM)


Wed, Nov 10 (1:00 PM)


Thu, Nov 11 (1:00 PM)


Fri, Nov 12 (1:00 PM)


Sat, Nov 13 (1:00 PM)


Sun, Nov 14 (1:00 PM)


Mon, Nov 15 (1:00 PM)


Tue, Nov 16 (1:00 PM)


Wed, Nov 17 (1:00 PM)


Thu, Nov 18 (1:00 PM)


Fri, Nov 19 (1:00 PM)


Sat, Nov 20 (1:00 PM)


Sun, Nov 21 (1:00 PM)


Mon, Nov 22 (1:00 PM)



",AVAILABLE,"1420 N Capitol Ave Indianapolis, IN 46202 ",10.0,15.0,26.0,30.0,9.0,9.0,0.0
Main Street Plainfield Historic Walking Tour,"
	$20 – $35
","
Plainfield Friends Meeting
105 South East Street 
Plainfield, IN 46168 
United States 

View Map
View Map

","



Multiple Dates





Sat, Oct 23 (10:00 AM)


Sat, Nov 6 (10:00 AM)



",AVAILABLE,"105 South East Street Plainfield, IN 46168 ",27.0,43.0,38.0,52.0,26.0,24.0,27.5
Develop a Successful GreenTech / CleanTech Startup Business Today!,"
	$99 – $499
","
Indianapolis
Virtual Workshop 
Indianapolis, IN 
United States 

View Map
View Map

","



Multiple Dates





Sun, Oct 17 (1:00 PM)


Sun, Oct 24 (1:00 PM)


Sun, Oct 31 (1:00 PM)


Sun, Nov 7 (1:00 PM)


Sun, Nov 14 (1:00 PM)


Sun, Nov 21 (1:00 PM)



",AVAILABLE,Virtual,0.0,0.0,0.0,0.0,0.0,0.0,299.0
[Free SEO Masterclass] Google Search Console Tutorial in Indianapolis,"
	Free
","
Indianapolis, Indiana
1420 N Capitol Ave 
Indianapolis, IN 46202 
United States 

View Map
View Map

","



Multiple Dates EST





Thu, Oct 14 (1:00 PM)


Fri, Oct 15 (1:00 PM)


Sat, Oct 16 (1:00 PM)


Sun, Oct 17 (1:00 PM)


Mon, Oct 18 (1:00 PM)


Tue, Oct 19 (1:00 PM)


Wed, Oct 20 (1:00 PM)


Thu, Oct 21 (1:00 PM)


Fri, Oct 22 (1:00 PM)


Sat, Oct 23 (1:00 PM)


Sun, Oct 24 (1:00 PM)


Mon, Oct 25 (1:00 PM)


Tue, Oct 26 (1:00 PM)


Wed, Oct 27 (1:00 PM)


Thu, Oct 28 (1:00 PM)


Fri, Oct 29 (1:00 PM)


Sat, Oct 30 (1:00 PM)


Sun, Oct 31 (1:00 PM)


Mon, Nov 1 (1:00 PM)


Tue, Nov 2 (1:00 PM)


Wed, Nov 3 (1:00 PM)


Thu, Nov 4 (1:00 PM)


Fri, Nov 5 (1:00 PM)


Sat, Nov 6 (1:00 PM)


Sun, Nov 7 (1:00 PM)


Mon, Nov 8 (1:00 PM)


Tue, Nov 9 (1:00 PM)


Wed, Nov 10 (1:00 PM)


Thu, Nov 11 (1:00 PM)


Fri, Nov 12 (1:00 PM)


Sat, Nov 13 (1:00 PM)


Sun, Nov 14 (1:00 PM)


Mon, Nov 15 (1:00 PM)


Tue, Nov 16 (1:00 PM)


Wed, Nov 17 (1:00 PM)


Thu, Nov 18 (1:00 PM)


Fri, Nov 19 (1:00 PM)


Sat, Nov 20 (1:00 PM)


Sun, Nov 21 (1:00 PM)


Mon, Nov 22 (1:00 PM)



",AVAILABLE,"1420 N Capitol Ave Indianapolis, IN 46202 ",10.0,15.0,26.0,30.0,9.0,9.0,0.0
"[Free Masterclass]SEO Keyword Research Tips, Tricks & Tools in Indianapolis","
	Free
","
Indianapolis, Indiana
1420 N Capitol Ave 
Indianapolis, IN 46202 
United States 

View Map
View Map

","



Multiple Dates EST





Thu, Oct 14 (1:00 PM)


Fri, Oct 15 (1:00 PM)


Sat, Oct 16 (1:00 PM)


Sun, Oct 17 (1:00 PM)


Mon, Oct 18 (1:00 PM)


Tue, Oct 19 (1:00 PM)


Wed, Oct 20 (1:00 PM)


Thu, Oct 21 (1:00 PM)


Fri, Oct 22 (1:00 PM)


Sat, Oct 23 (1:00 PM)


Sun, Oct 24 (1:00 PM)


Mon, Oct 25 (1:00 PM)


Tue, Oct 26 (1:00 PM)


Wed, Oct 27 (1:00 PM)


Thu, Oct 28 (1:00 PM)


Fri, Oct 29 (1:00 PM)


Sat, Oct 30 (1:00 PM)


Sun, Oct 31 (1:00 PM)


Mon, Nov 1 (1:00 PM)


Tue, Nov 2 (1:00 PM)


Wed, Nov 3 (1:00 PM)


Thu, Nov 4 (1:00 PM)


Fri, Nov 5 (1:00 PM)


Sat, Nov 6 (1:00 PM)


Sun, Nov 7 (1:00 PM)


Mon, Nov 8 (1:00 PM)


Tue, Nov 9 (1:00 PM)


Wed, Nov 10 (1:00 PM)


Thu, Nov 11 (1:00 PM)


Fri, Nov 12 (1:00 PM)


Sat, Nov 13 (1:00 PM)


Sun, Nov 14 (1:00 PM)


Mon, Nov 15 (1:00 PM)


Tue, Nov 16 (1:00 PM)


Wed, Nov 17 (1:00 PM)


Thu, Nov 18 (1:00 PM)


Fri, Nov 19 (1:00 PM)


Sat, Nov 20 (1:00 PM)


Sun, Nov 21 (1:00 PM)


Mon, Nov 22 (1:00 PM)



",AVAILABLE,"1420 N Capitol Ave Indianapolis, IN 46202 ",10.0,15.0,26.0,30.0,9.0,9.0,0.0
[Free SEO Masterclass] How Google Works Ranking Websites in Indianapolis,"
	Free
","
Indianapolis, Indiana
1420 N Capitol Ave 
Indianapolis, IN 46202 
United States 

View Map
View Map

","



Multiple Dates EST





Thu, Oct 14 (1:00 PM)


Fri, Oct 15 (1:00 PM)


Sat, Oct 16 (1:00 PM)


Sun, Oct 17 (1:00 PM)


Mon, Oct 18 (1:00 PM)


Tue, Oct 19 (1:00 PM)


Wed, Oct 20 (1:00 PM)


Thu, Oct 21 (1:00 PM)


Fri, Oct 22 (1:00 PM)


Sat, Oct 23 (1:00 PM)


Sun, Oct 24 (1:00 PM)


Mon, Oct 25 (1:00 PM)


Tue, Oct 26 (1:00 PM)


Wed, Oct 27 (1:00 PM)


Thu, Oct 28 (1:00 PM)


Fri, Oct 29 (1:00 PM)


Sat, Oct 30 (1:00 PM)


Sun, Oct 31 (1:00 PM)


Mon, Nov 1 (1:00 PM)


Tue, Nov 2 (1:00 PM)


Wed, Nov 3 (1:00 PM)


Thu, Nov 4 (1:00 PM)


Fri, Nov 5 (1:00 PM)


Sat, Nov 6 (1:00 PM)


Sun, Nov 7 (1:00 PM)


Mon, Nov 8 (1:00 PM)


Tue, Nov 9 (1:00 PM)


Wed, Nov 10 (1:00 PM)


Thu, Nov 11 (1:00 PM)


Fri, Nov 12 (1:00 PM)


Sat, Nov 13 (1:00 PM)


Sun, Nov 14 (1:00 PM)


Mon, Nov 15 (1:00 PM)


Tue, Nov 16 (1:00 PM)


Wed, Nov 17 (1:00 PM)


Thu, Nov 18 (1:00 PM)


Fri, Nov 19 (1:00 PM)


Sat, Nov 20 (1:00 PM)


Sun, Nov 21 (1:00 PM)


Mon, Nov 22 (1:00 PM)



",AVAILABLE,"1420 N Capitol Ave Indianapolis, IN 46202 ",10.0,15.0,26.0,30.0,9.0,9.0,0.0
Develop a Successful Internet Of Things Startup Business Today!,"
	$99 – $499
","
Indianapolis
Virtual Workshop 
Indianapolis, IN 
United States 

View Map
View Map

","



Multiple Dates





Sun, Oct 17 (1:00 PM)


Sun, Oct 24 (1:00 PM)


Sun, Oct 31 (1:00 PM)


Sun, Nov 7 (1:00 PM)


Sun, Nov 14 (1:00 PM)


Sun, Nov 21 (1:00 PM)



",AVAILABLE,Virtual,0.0,0.0,0.0,0.0,0.0,0.0,299.0
[Free SEO Masterclass] On Page vs Off Page SEO Strategies in Indianapolis,"
	Free
","
Indianapolis, Indiana
1420 N Capitol Ave 
Indianapolis, IN 46202 
United States 

View Map
View Map

","



Multiple Dates EST





Thu, Oct 14 (1:00 PM)


Fri, Oct 15 (1:00 PM)


Sat, Oct 16 (1:00 PM)


Sun, Oct 17 (1:00 PM)


Mon, Oct 18 (1:00 PM)


Tue, Oct 19 (1:00 PM)


Wed, Oct 20 (1:00 PM)


Thu, Oct 21 (1:00 PM)


Fri, Oct 22 (1:00 PM)


Sat, Oct 23 (1:00 PM)


Sun, Oct 24 (1:00 PM)


Mon, Oct 25 (1:00 PM)


Tue, Oct 26 (1:00 PM)


Wed, Oct 27 (1:00 PM)


Thu, Oct 28 (1:00 PM)


Fri, Oct 29 (1:00 PM)


Sat, Oct 30 (1:00 PM)


Sun, Oct 31 (1:00 PM)


Mon, Nov 1 (1:00 PM)


Tue, Nov 2 (1:00 PM)


Wed, Nov 3 (1:00 PM)


Thu, Nov 4 (1:00 PM)


Fri, Nov 5 (1:00 PM)


Sat, Nov 6 (1:00 PM)


Sun, Nov 7 (1:00 PM)


Mon, Nov 8 (1:00 PM)


Tue, Nov 9 (1:00 PM)


Wed, Nov 10 (1:00 PM)


Thu, Nov 11 (1:00 PM)


Fri, Nov 12 (1:00 PM)


Sat, Nov 13 (1:00 PM)


Sun, Nov 14 (1:00 PM)


Mon, Nov 15 (1:00 PM)


Tue, Nov 16 (1:00 PM)


Wed, Nov 17 (1:00 PM)


Thu, Nov 18 (1:00 PM)


Fri, Nov 19 (1:00 PM)


Sat, Nov 20 (1:00 PM)


Sun, Nov 21 (1:00 PM)


Mon, Nov 22 (1:00 PM)



",AVAILABLE,"1420 N Capitol Ave Indianapolis, IN 46202 ",10.0,15.0,26.0,30.0,9.0,9.0,0.0
Develop a Successful Smart Farming Tech Startup Business Today!,"
	$99 – $499
","
Indianapolis
Virtual Workshop 
Indianapolis, IN 
United States 

View Map
View Map

","



Multiple Dates





Sun, Oct 17 (1:00 PM)


Sun, Oct 24 (1:00 PM)


Sun, Oct 31 (1:00 PM)


Sun, Nov 7 (1:00 PM)


Sun, Nov 14 (1:00 PM)


Sun, Nov 21 (1:00 PM)



",AVAILABLE,Virtual,0.0,0.0,0.0,0.0,0.0,0.0,299.0
Find Your Zen: The Confidence Challenge! (IIN ),"
	Free
","
Indianapolis
Virtual Via Zoom 
Indianapolis, IN 46077 
United States 

View Map
View Map

","



Multiple Dates





Sun, 24 Oct. (2:00 pm)


Sun, 31 Oct. (2:00 pm)


Sun, 7 Nov. (2:00 pm)


Sun, 14 Nov. (2:00 pm)



",AVAILABLE,Virtual,0.0,0.0,0.0,0.0,0.0,0.0,0.0
[Free Masterclass] On Page SEO Strategies for Google in Indianapolis,"
	Free
","
Indianapolis, Indiana
1420 N Capitol Ave 
Indianapolis, IN 46202 
United States 

View Map
View Map

","



Multiple Dates EST





Thu, Oct 14 (1:00 PM)


Fri, Oct 15 (1:00 PM)


Sat, Oct 16 (1:00 PM)


Sun, Oct 17 (1:00 PM)


Mon, Oct 18 (1:00 PM)


Tue, Oct 19 (1:00 PM)


Wed, Oct 20 (1:00 PM)


Thu, Oct 21 (1:00 PM)


Fri, Oct 22 (1:00 PM)


Sat, Oct 23 (1:00 PM)


Sun, Oct 24 (1:00 PM)


Mon, Oct 25 (1:00 PM)


Tue, Oct 26 (1:00 PM)


Wed, Oct 27 (1:00 PM)


Thu, Oct 28 (1:00 PM)


Fri, Oct 29 (1:00 PM)


Sat, Oct 30 (1:00 PM)


Sun, Oct 31 (1:00 PM)


Mon, Nov 1 (1:00 PM)


Tue, Nov 2 (1:00 PM)


Wed, Nov 3 (1:00 PM)


Thu, Nov 4 (1:00 PM)


Fri, Nov 5 (1:00 PM)


Sat, Nov 6 (1:00 PM)


Sun, Nov 7 (1:00 PM)


Mon, Nov 8 (1:00 PM)


Tue, Nov 9 (1:00 PM)


Wed, Nov 10 (1:00 PM)


Thu, Nov 11 (1:00 PM)


Fri, Nov 12 (1:00 PM)


Sat, Nov 13 (1:00 PM)


Sun, Nov 14 (1:00 PM)


Mon, Nov 15 (1:00 PM)


Tue, Nov 16 (1:00 PM)


Wed, Nov 17 (1:00 PM)


Thu, Nov 18 (1:00 PM)


Fri, Nov 19 (1:00 PM)


Sat, Nov 20 (1:00 PM)


Sun, Nov 21 (1:00 PM)


Mon, Nov 22 (1:00 PM)



",AVAILABLE,"1420 N Capitol Ave Indianapolis, IN 46202 ",10.0,15.0,26.0,30.0,9.0,9.0,0.0
Develop a Successful Artificial Intelligence Startup Business,"
	$99 – $499
","
Indianapolis
Virtual Workshop 
Indianapolis, IN 
United States 

View Map
View Map

","



Multiple Dates





Sun, Oct 17 (1:00 PM)


Sun, Oct 24 (1:00 PM)


Sun, Oct 31 (1:00 PM)


Sun, Nov 7 (1:00 PM)


Sun, Nov 14 (1:00 PM)


Sun, Nov 21 (1:00 PM)



",AVAILABLE,Virtual,0.0,0.0,0.0,0.0,0.0,0.0,299.0
"Become a Home Base Travel Business Owner(Indianapolis, IN)","
	Free
","
4140 W 94th St
4140 West 94th Street 
Indianapolis, IN 46268 
United States 

View Map
View Map

","



Multiple Dates





Thu, Oct 14 (8:00 PM)


Sat, Oct 16 (2:00 PM)


Mon, Oct 18 (6:30 PM)


Thu, Oct 21 (8:00 PM)


Sat, Oct 23 (2:00 PM)


Thu, Oct 28 (8:00 PM)


Sat, Oct 30 (2:00 PM)


Mon, Nov 1 (6:30 PM)


Thu, Nov 4 (8:00 PM)


Sat, Nov 6 (2:00 PM)


Thu, Nov 11 (8:00 PM)


Sat, Nov 13 (2:00 PM)


Mon, Nov 15 (6:30 PM)


Thu, Nov 18 (8:00 PM)


Sat, Nov 20 (2:00 PM)



",AVAILABLE,"4140 West 94th Street Indianapolis, IN 46268 ",25.0,24.0,13.0,25.0,27.0,27.0,0.0
Lead Generation Masterclass — Carmel ,"
	Free
","
Online - Anywhere w/Fast Wifi and Sound, Carmel
Carmel 
Carmel, IN 46032 
United States 

View Map
View Map

","



Sat, October 23, 2021
8:00 AM – 10:00 AM PDT

Add to calendar


",AVAILABLE,Virtual,0.0,0.0,0.0,0.0,0.0,0.0,0.0
The Resume Makeover Masterclass  — Carmel ,"
	Free
","
Online - Anywhere w/Fast Wifi and Sound, Carmel
Carmel 
Carmel, IN 46032 
United States 

View Map
View Map

","



Sat, October 23, 2021
9:00 AM – 12:00 PM PDT

Add to calendar


",AVAILABLE,Virtual,0.0,0.0,0.0,0.0,0.0,0.0,0.0
"DIY Class, Covid style","
	$85
","
Metamorphosis Design home
14370 Arnett Drive 
Carmel, IN 46033 
United States 

View Map
View Map

","



Sun, October 24, 2021
2:00 PM – 4:00 PM EDT

Add to calendar


",AVAILABLE,"14370 Arnett Drive Carmel, IN 46033 ",40.0,29.0,27.0,15.0,39.0,41.0,85.0
2021 E-commerce Masterclass: How To Build An Online Business — Carmel ,"
	Free
","
Online - Anywhere w/Fast Wifi and Sound, Carmel
Carmel 
Carmel, IN 46032 
United States 

View Map
View Map

","



Sat, October 23, 2021
11:00 AM – 1:00 PM PDT

Add to calendar


",AVAILABLE,Virtual,0.0,0.0,0.0,0.0,0.0,0.0,0.0
Book Pre-Launch Success Masterclass: Get Paid To Publish  — Carmel ,"
	Free
","
Online - Anywhere w/Fast Wifi and Sound, Carmel
Carmel 
Carmel, IN 46032 
United States 

View Map
View Map

","



Sat, October 23, 2021
8:00 AM – 10:30 AM PDT

Add to calendar


",AVAILABLE,Virtual,0.0,0.0,0.0,0.0,0.0,0.0,0.0
"""Resume Score Maximizer"" — Do You Know Your Resume Score?  — Carmel ","
	Free
","
Online - Anywhere w/Fast Wifi and Sound, Carmel
Carmel 
Carmel, IN 46032 
United States 

View Map
View Map

","



Sat, October 23, 2021
11:00 AM – 12:00 PM PDT

Add to calendar


",AVAILABLE,Virtual,0.0,0.0,0.0,0.0,0.0,0.0,0.0
Immunity Makeover,"
	Free
","
Life Change Church
2528 U.S. 31 
Greenwood, IN 46143 
United States 

View Map
View Map

","



Sat, October 23, 2021
10:00 AM – 12:00 PM EDT

Add to calendar


",AVAILABLE,"2528 U.S. 31 Greenwood, IN 46143 ",29.0,40.0,48.0,43.0,24.0,22.0,0.0
21st Amendment Anniversary and Grand Opening Celebration!,"
	Free
","
21st Amendment 116th Street Location
9887 East 116th Street 
Fishers, IN 46037 
United States 

View Map
View Map

","



Sat, October 23, 2021
6:00 PM – 8:00 PM EDT

Add to calendar


",AVAILABLE,"9887 East 116th Street Fishers, IN 46037 ",30.0,21.0,28.0,9.0,29.0,31.0,0.0
Avon High School Class of 2001 20 Year Reunion,"
	$22
","
The Blanton House
625 North Washington Street 
Danville, IN 46122 
United States 

View Map
View Map

","



Sat, October 23, 2021
6:00 PM – 9:00 PM EDT

Add to calendar


",AVAILABLE,"625 North Washington Street Danville, IN 46122 ",40.0,50.0,44.0,59.0,41.0,39.0,22.0
How to Escape Your Unfulfilling job to Create Your Dream [Indianapolis],"
	Free
","
Indianapolis - Online Virtual Event
Indianapolis 
Indianapolis, IN 46077 
United States 

View Map
View Map

","



Multiple Dates





Sun, 17 Oct (12:30)


Sun, 24 Oct (12:30)



",AVAILABLE,Virtual,0.0,0.0,0.0,0.0,0.0,0.0,0.0
How The Top 1% Of Leaders Manage Their Time Like Clockwork Using T5 System,"
	Free
","
Indianapolis
Virtual via Zoom 
Indianapolis, IN 46077 
United States 

View Map
View Map

","



Sat, October 23, 2021
8:00 PM – 9:00 PM EDT

Add to calendar


",AVAILABLE,Virtual,0.0,0.0,0.0,0.0,0.0,0.0,0.0
October Fest,"
	Free
","
Paul Hadley Middle School
200 West Carlisle Street 
Mooresville, IN 46158 
United States 

View Map
View Map

","



Sun, October 24, 2021
7:00 PM – 10:00 PM EDT

Add to calendar


",AVAILABLE,"200 West Carlisle Street Mooresville, IN 46158 ",28.0,45.0,40.0,53.0,27.0,25.0,0.0
Crosspoint Church - PreK Registration,"
	Free
","
Crosspoint - Fishers
13678 Silverstone Dr 
Fishers, IN 46037 
United States 

View Map
View Map

","



Sun, Oct 24, 2021, 9:00 AM EDT


Add to calendar


",AVAILABLE,"13678 Silverstone Dr Fishers, IN 46037 ",36.0,27.0,34.0,15.0,35.0,37.0,0.0
Red Cross First Aid/CPR/AED Class(Blended Format)-Station 76-Noblesville,"
	$108
","
Station 76
16800 Hazel Dell Rd 
Noblesville, IN 46062 
United States 

View Map
View Map

","



Sat, October 23, 2021
10:00 AM – 11:30 AM EDT

Add to calendar


",AVAILABLE,"16800 Hazel Dell Rd Noblesville, IN 46062 ",42.0,31.0,27.0,19.0,41.0,44.0,108.0
3rd annual Goelzer Investments MONOPOLY Tournament,"
	$25
","
2259 Ralston Ave
2259 Ralston Avenue 
Indianapolis, IN 46218 
United States 

View Map
View Map

","



Sat, October 23, 2021
9:30 AM – 4:00 PM EDT

Add to calendar


",AVAILABLE,"2259 Ralston Avenue Indianapolis, IN 46218 ",15.0,13.0,31.0,28.0,13.0,16.0,25.0
4th Annual Halloween Monster Mash,"
	Free
","
DYFI Camp Until A Cure
5050 E 211th St 
Noblesville, IN 46062 
United States 

View Map
View Map

","



Sat, October 23, 2021
6:00 PM – 9:00 PM EDT

Add to calendar


",AVAILABLE,"5050 E 211th St Noblesville, IN 46062 ",47.0,36.0,31.0,29.0,46.0,48.0,0.0
Fright Forest,"
	$5 – $10
","
Boone County Fairgrounds
1300 East 100 South 
Lebanon, IN 46052 
United States 

View Map
View Map

","



Multiple Dates





Fri, Oct 15 (7:00 PM)


Sat, Oct 16 (7:00 PM)


Fri, Oct 22 (7:00 PM)


Sat, Oct 23 (7:00 PM)



",AVAILABLE,"1300 East 100 South Lebanon, IN 46052 ",31.0,33.0,20.0,36.0,32.0,32.0,7.5
Beyond Breath - An Introduction to SKY Breath Meditation - Morristown,"
	Free
","
Morristown, IN
(zoom link will be emailed soon) 
Morristown, IN 46161 
United States 

View Map
View Map

","



Multiple Dates





Sun, Oct 17 (2:00 PM)


Tue, Oct 19 (9:00 PM)


Wed, Oct 20 (9:30 PM)


Sat, Oct 23 (7:00 PM)



",AVAILABLE,Virtual,0.0,0.0,0.0,0.0,0.0,0.0,0.0
Falls Park Halloween Boo Bash,"
	Free
","
646 N Pendleton Ave
646 North Pendleton Avenue 
Pendleton, IN 46064 
United States 

View Map
View Map

","



Sat, October 23, 2021
4:00 PM – 8:00 PM EDT

Add to calendar


",AVAILABLE,"646 North Pendleton Avenue Pendleton, IN 46064 ",45.0,36.0,43.0,24.0,44.0,46.0,0.0
Advantage Shelby County - Service Hours - Grover Museum,"
	Free
","
52 W Broadway St
52 West Broadway Street 
Shelbyville, IN 46176 
United States 

View Map
View Map

","



Sat, October 23, 2021
10:30 AM – 1:00 PM EDT

Add to calendar


",AVAILABLE,"52 West Broadway Street Shelbyville, IN 46176 ",43.0,46.0,55.0,47.0,38.0,36.0,0.0
2022 Medicare Questions Answered,"
	Free
","
CVS
200 South Harrison Street 
Shelbyville, IN 46176 
United States 

View Map
View Map

","



Multiple Dates





Sat, Oct 16 (10:00 AM)


Sat, Oct 23 (10:00 AM)



",AVAILABLE,"200 South Harrison Street Shelbyville, IN 46176 ",43.0,46.0,55.0,46.0,38.0,36.0,0.0
Read between the Wines Book Club,"
	Free
","
Blackhawk Winery
28153 W Ditch Rd. 
Sheridan, IN 46069 
United States 

View Map
View Map

","



Sun, October 24, 2021
2:00 PM – 3:00 PM EDT

Add to calendar


",AVAILABLE,"28153 W Ditch Rd. Sheridan, IN 46069 ",52.0,42.0,35.0,40.0,52.0,54.0,0.0
The Problem of Suffering,"
	Free
","
Grace Lutheran Church
3201 Central Avenue 
Columbus, IN 47203 
United States 

View Map
View Map

","



Sat, October 23, 2021
5:30 PM – 8:00 PM EDT

Add to calendar


",AVAILABLE,"3201 Central Avenue Columbus, IN 47203 ",52.0,63.0,71.0,66.0,47.0,45.0,0.0
Mon Ami Leadership Training - Brown County,"
	$25
","
Abe Martin Lodge
1405 State Road 46 
#W 
Nashville, IN 47448 
United States 

View Map
View Map

","



Sun, October 24, 2021
3:00 PM – 6:00 PM EDT

Add to calendar


",AVAILABLE,1405 State Road 46 #W ,72.0,83.0,91.0,86.0,67.0,65.0,25.0
Tracing Our Mississippi: Story Gathering and Field Studios,"
	Free
","
Upland Columbus Pump House
148 Lindsey Street 
Columbus, IN 47201 
United States 

View Map
View Map

",,AVAILABLE,"148 Lindsey Street Columbus, IN 47201 ",54.0,64.0,73.0,67.0,48.0,47.0,0.0
Couples Game Night,"
	$10
","
173 S Van Buren St
173 South Van Buren Street 
Nashville, IN 47448 
United States 

View Map
View Map

","



Sat, October 23, 2021
6:00 PM – 9:00 PM EDT

Add to calendar


",AVAILABLE,"173 South Van Buren Street Nashville, IN 47448 ",69.0,80.0,88.0,83.0,63.0,62.0,10.0
Zombie Prom: Monster Mash,"
	$25
","
Bartholomew County 4-H Fair, Inc
750 W 200 S 
Columbus, IN 47201 
United States 

View Map
View Map

","



Sat, October 23, 2021
7:00 PM – 10:00 PM EDT

Add to calendar


",AVAILABLE,"750 W 200 S Columbus, IN 47201 ",57.0,67.0,76.0,70.0,51.0,50.0,25.0
Nozzle Forward,"
	$250
","
Wayne Township ESEC
700 North High School Road 
Indianapolis, IN 46214 
United States 

View Map
View Map

","



Fri, Oct 22, 2021, 8:00 AM EDT


Add to calendar


",AVAILABLE,"700 North High School Road Indianapolis, IN 46214 ",15.0,27.0,22.0,36.0,17.0,15.0,250.0
Be Free Confrence,"
	Free
","
2402 Dr Andrew J Brown Ave
2402 Doctor Andrew J Brown Avenue 
Indianapolis, IN 46205 
United States 

View Map
View Map

","



Fri, Oct 22, 2021, 7:00 PM –
Sun, Oct 24, 2021, 4:00 PM EDT

Add to calendar


",AVAILABLE,"2402 Doctor Andrew J Brown Avenue Indianapolis, IN 46205 ",15.0,11.0,31.0,27.0,12.0,14.0,0.0
The Year of Firsts - Greater Praise Fellowship of Churches 2021 Conference,"
	$50
","
Holiday Inn Carmel
251 Pennsylvania Parkway 
Indianapolis, IN 46280 
United States 

View Map
View Map

","



Fri, Oct 22, 2021, 3:00 PM –
Sun, Oct 24, 2021, 8:00 PM EDT

Add to calendar


",AVAILABLE,"251 Pennsylvania Parkway Indianapolis, IN 46280 ",31.0,17.0,17.0,21.0,34.0,32.0,50.0
Free Meditation in Chinese ~ Weekly Classes: Let's Meditate Bloomington,"
	Free
","
Online-Zoom
https://zoom.us/j/9700172269?pwd=Y2xQT0NhT1Rtak16Z3pTaFQ1Y1Q2QT221 
Bloomington, IN 47404 
United States 

View Map
View Map

","



Multiple Dates





Sat, Oct 16 (7:30 PM)


Sat, Oct 23 (7:30 PM)


Sat, Oct 30 (7:30 PM)


Sat, Nov 6 (7:30 PM)


Sat, Nov 13 (7:30 PM)


Sat, Nov 20 (7:30 PM)



",AVAILABLE,Virtual,0.0,0.0,0.0,0.0,0.0,0.0,0.0
FAR Photo Workshop Series: Studio Lighting with Anna Powell Denton,"
	$25
","
Anna Powell Denton Studio
727 W Kirkwood Ave 
Bloomington, IN 47404 
United States 

View Map
View Map

","



Sun, October 24, 2021
3:00 PM – 5:00 PM EDT

Add to calendar


",AVAILABLE,"727 W Kirkwood Ave Bloomington, IN 47404 ",72.0,88.0,83.0,95.0,70.0,69.0,25.0
Seiberling Mansion Howard County Museum General Admission,"
	$5 – $10
","
Seiberling Mansion
1200 West Sycamore Street 
Kokomo, IN 46901 
United States 

View Map
View Map

","



Multiple Dates





Thu, Oct 14 (1:00 PM)


Fri, Oct 15 (1:00 PM)


Sat, Oct 16 (1:00 PM)


Sun, Oct 17 (1:00 PM)


Tue, Oct 19 (1:00 PM)


Wed, Oct 20 (1:00 PM)


Thu, Oct 21 (1:00 PM)


Fri, Oct 22 (1:00 PM)


Sat, Oct 23 (1:00 PM)


Sun, Oct 24 (1:00 PM)


Tue, Oct 26 (1:00 PM)


Wed, Oct 27 (1:00 PM)


Thu, Oct 28 (1:00 PM)


Fri, Oct 29 (1:00 PM)


Sat, Oct 30 (1:00 PM)


Sun, Oct 31 (1:00 PM)


Tue, Nov 2 (1:00 PM)


Wed, Nov 3 (1:00 PM)


Thu, Nov 4 (1:00 PM)


Fri, Nov 5 (1:00 PM)


Sat, Nov 6 (1:00 PM)


Sun, Nov 7 (1:00 PM)



",AVAILABLE,"1200 West Sycamore Street Kokomo, IN 46901 ",77.0,67.0,62.0,65.0,77.0,79.0,7.5
From Dark Pages 2021,"
	$25
","
Seiberling Mansion
1200 West Sycamore Street 
Kokomo, IN 46901 
United States 

View Map
View Map

","



Multiple Dates





Fri, Oct 22 (7:00 PM)


Fri, Oct 22 (8:00 PM)


Fri, Oct 22 (9:00 PM)


Fri, Oct 22 (10:00 PM)


Sat, Oct 23 (7:00 PM)


Sat, Oct 23 (8:00 PM)


Sat, Oct 23 (9:00 PM)


Sat, Oct 23 (10:00 PM)



",AVAILABLE,"1200 West Sycamore Street Kokomo, IN 46901 ",77.0,67.0,62.0,65.0,77.0,79.0,25.0
Art in the Park Veteran's Writing Workshop,"
	Free
","
Turkey Run State Park
8121 Park Road 
Marshall, IN 47859 
United States 

View Map
View Map

","



Sat, October 23, 2021
12:00 PM – 4:00 PM EDT

Add to calendar


",AVAILABLE,"8121 Park Road Marshall, IN 47859 ",76.0,85.0,77.0,94.0,78.0,77.0,0.0
House of BONZ,"
	$20
","
Duncan Hall
619 Ferry Street 
Lafayette, IN 47901 
United States 

View Map
View Map

","



Sat, October 23, 2021
7:00 PM – 10:00 PM EDT

Add to calendar


",AVAILABLE,"619 Ferry Street Lafayette, IN 47901 ",72.0,74.0,62.0,77.0,73.0,73.0,20.0
2nd Chance Prom: Youth Suicide Awareness,"
	$25
","
Rat Pak Venue
102 N 3rd St 
Lafayette, IN 47901 
United States 

View Map
View Map

","



Sat, October 23, 2021
5:30 PM – 10:30 PM EDT

Add to calendar


",AVAILABLE,"102 N 3rd St Lafayette, IN 47901 ",73.0,75.0,62.0,78.0,74.0,74.0,25.0
SneakerSlam 2,"
	$10
","
4-H fair grounds
1403 E State road 18 
Marion, IN 46952 
United States 

View Map
View Map

","



Sat, October 23, 2021
1:00 PM – 6:00 PM EDT

Add to calendar


",AVAILABLE,"1403 E State road 18 Marion, IN 46952 ",86.0,77.0,84.0,65.0,85.0,87.0,10.0
Friends and Family day,"
	Free
","
Black Cultural Center
1100 3rd Street 
West Lafayette, IN 47906 
United States 

View Map
View Map

","



Sat, October 23, 2021
12:00 PM – 5:00 PM EDT

Add to calendar


",AVAILABLE,"1100 3rd Street West Lafayette, IN 47906 ",78.0,80.0,68.0,84.0,80.0,79.0,0.0
Career Event for Purdue Students,"
	Free
","
Virtual Event
. 
West Lafayette, IN 47907 
United States 

View Map
View Map

","



Multiple Dates





Sat, Oct 16 (7:00 AM)


Sat, Oct 23 (7:00 AM)


Sat, Oct 30 (7:00 AM)


Sat, Nov 6 (7:00 AM)


Sat, Nov 13 (7:00 AM)


Sat, Nov 20 (7:00 AM)



",AVAILABLE,Virtual,0.0,0.0,0.0,0.0,0.0,0.0,0.0
SPIN with Cecily,"
	Free
","
Hartford City Health Club
1760 N Independence Parkway 
Hartford City, IN 47348 
United States 

View Map
View Map

","



Multiple Dates





Sat, Oct 16 (7:00 AM)


Tue, Oct 19 (5:00 AM)


Thu, Oct 21 (5:00 AM)


Sat, Oct 23 (7:00 AM)


Tue, Oct 26 (5:00 AM)


Thu, Oct 28 (5:00 AM)


Sat, Oct 30 (7:00 AM)


Tue, Nov 2 (5:00 AM)


Thu, Nov 4 (5:00 AM)


Sat, Nov 6 (7:00 AM)


Tue, Nov 9 (5:00 AM)


Thu, Nov 11 (5:00 AM)


Sat, Nov 13 (7:00 AM)


Tue, Nov 16 (5:00 AM)


Thu, Nov 18 (5:00 AM)


Sat, Nov 20 (7:00 AM)


Tue, Nov 23 (5:00 AM)



",AVAILABLE,"1760 N Independence Parkway Hartford City, IN 47348 ",88.0,80.0,86.0,68.0,87.0,90.0,0.0
"Cirque Italia Water Circus - Richmond, IN - Sunday Oct 24 at 1:30pm","
	$10.61 – $42.41
","
Wayne County Fairgrounds
861 Salisbury Rd 
Richmond, IN 47374 
United States 

View Map
View Map

","



Sun, October 24, 2021
1:30 PM – 3:00 PM EDT

Add to calendar


",AVAILABLE,"861 Salisbury Rd Richmond, IN 47374 ",75.0,78.0,87.0,78.0,74.0,76.0,26.509999999999998
Long Haul Paul,"
	$15
","
Key Palace Theatre
123 South Meridian Street 
Redkey, IN 47373 
United States 

View Map
View Map

","



Sat, October 23, 2021
8:00 PM – 11:00 PM EDT

Add to calendar


",AVAILABLE,"123 South Meridian Street Redkey, IN 47373 ",93.0,84.0,91.0,73.0,92.0,94.0,15.0
Girls night out Macks,"
	$20 – $45
","
719 S F St
719 South F Street 
Richmond, IN 47374 
United States 

View Map
View Map

","



Sat, October 23, 2021
9:00 PM – 11:00 PM EDT

Add to calendar


",AVAILABLE,"719 South F Street Richmond, IN 47374 ",81.0,84.0,94.0,85.0,80.0,82.0,32.5
Haunted Museum,"
	Free
","
1150 N A St
1150 North A Street 
Richmond, IN 47374 
United States 

View Map
View Map

","



Multiple Dates





Fri, Oct 15 (6:00 PM) [Sold Out]


Fri, Oct 15 (6:15 PM) [Sold Out]


Fri, Oct 15 (6:30 PM)


Fri, Oct 15 (6:45 PM)


Fri, Oct 15 (7:00 PM)


Fri, Oct 15 (7:15 PM)


Fri, Oct 15 (7:30 PM)


Fri, Oct 15 (7:45 PM)


Fri, Oct 15 (8:00 PM)


Fri, Oct 15 (8:15 PM)


Fri, Oct 15 (8:30 PM)


Fri, Oct 15 (8:45 PM)


Sat, Oct 16 (6:00 PM) [Sold Out]


Sat, Oct 16 (6:15 PM) [Sold Out]


Sat, Oct 16 (6:30 PM) [Sold Out]


Sat, Oct 16 (6:45 PM) [Sold Out]


Sat, Oct 16 (7:00 PM)


Sat, Oct 16 (7:15 PM)


Sat, Oct 16 (7:30 PM)


Sat, Oct 16 (7:45 PM)


Sat, Oct 16 (8:00 PM)


Sat, Oct 16 (8:15 PM)


Sat, Oct 16 (8:30 PM)


Sat, Oct 16 (8:45 PM)


Fri, Oct 22 (6:00 PM)


Fri, Oct 22 (6:15 PM)


Fri, Oct 22 (6:30 PM)


Fri, Oct 22 (6:45 PM)


Fri, Oct 22 (7:00 PM)


Fri, Oct 22 (7:15 PM)


Fri, Oct 22 (7:30 PM)


Fri, Oct 22 (7:45 PM)


Fri, Oct 22 (8:00 PM)


Fri, Oct 22 (8:15 PM)


Fri, Oct 22 (8:30 PM)


Fri, Oct 22 (8:45 PM)


Sat, Oct 23 (6:00 PM) [Sold Out]


Sat, Oct 23 (6:15 PM)


Sat, Oct 23 (6:30 PM)


Sat, Oct 23 (6:45 PM)


Sat, Oct 23 (7:00 PM)


Sat, Oct 23 (7:15 PM)


Sat, Oct 23 (7:30 PM)


Sat, Oct 23 (7:45 PM)


Sat, Oct 23 (8:00 PM)


Sat, Oct 23 (8:15 PM)


Sat, Oct 23 (8:30 PM)


Sat, Oct 23 (8:45 PM)



",AVAILABLE,"1150 North A Street Richmond, IN 47374 ",80.0,83.0,92.0,83.0,79.0,81.0,0.0
101 Off-road Training Class,"
	$60 – $120
","
Badlands Off Road Park
3968 North Xavier Road 
Attica, IN 47918 
United States 

View Map
View Map

","



Multiple Dates





Sat, Oct 23 (10:30 AM)



",AVAILABLE,"3968 North Xavier Road Attica, IN 47918 ",78.0,87.0,76.0,91.0,80.0,79.0,90.0
Fundamentals Class,"
	$40
","
1277 Lafayette Ave
1277 Lafayette Avenue 
Terre Haute, IN 47804 
United States 

View Map
View Map

","



Sun, Oct 24, 2021, 3:00 PM EDT


Add to calendar


",AVAILABLE,"1277 Lafayette Avenue Terre Haute, IN 47804 ",83.0,100.0,95.0,109.0,82.0,80.0,40.0
Mr. Speed: A Kiss Tribute,"
	$20
","
Zorah Shrine
420 North 7th Street 
Terre Haute, IN 47807 
United States 

View Map
View Map

","



Sat, October 23, 2021
7:30 PM – 10:30 PM EDT

Add to calendar


",AVAILABLE,"420 North 7th Street Terre Haute, IN 47807 ",81.0,97.0,92.0,106.0,79.0,77.0,20.0
Beyond Breath - An Introduction to SKY Breath Meditation - Terre Haute,"
	Free
","
Terre Haute, IN
(zoom link will be emailed soon) 
Terre Haute, IN 47809 
United States 

View Map
View Map

","



Multiple Dates





Thu, Oct 14 (8:00 PM)


Sat, Oct 16 (7:00 PM)


Tue, Oct 19 (6:00 PM)


Wed, Oct 20 (9:00 PM)


Thu, Oct 21 (8:00 PM)


Sat, Oct 23 (7:00 PM)



",AVAILABLE,Virtual,0.0,0.0,0.0,0.0,0.0,0.0,0.0
Whispers Estate weekend (Fri or Sat) $300 June 2021 - Dec 2021,"
	$300
","
Whispers Estate
714 West Warren Street 
Mitchell, IN 47446 
United States 

View Map
View Map

","



Multiple Dates





Fri, Oct 15 (8:00 PM) [Sold Out]


Sat, Oct 16 (8:00 PM) [Sold Out]


Fri, Oct 22 (8:00 PM) [Sold Out]


Sat, Oct 23 (8:00 PM) [Sold Out]


Fri, Oct 29 (8:00 PM) [Sold Out]


Sat, Oct 30 (8:00 PM) [Sold Out]


Fri, Nov 5 (8:00 PM) [Sold Out]


Sat, Nov 6 (8:00 PM) [Sold Out]


Fri, Nov 12 (8:00 PM) [Sold Out]


Sat, Nov 13 (8:00 PM) [Sold Out]


Fri, Nov 19 (8:00 PM) [Sold Out]


Sat, Nov 20 (8:00 PM) [Sold Out]



",AVAILABLE,"714 West Warren Street Mitchell, IN 47446 ",106.0,122.0,116.0,129.0,104.0,102.0,300.0
Whispers Estate $200 weekday(Sun` - Thurs) June 2021 - Dec 2021,"
	$200
","
Whispers Estate
714 West Warren Street 
Mitchell, IN 47446 
United States 

View Map
View Map

","



Multiple Dates





Thu, Oct 14 (8:00 PM) [Sold Out]


Sun, Oct 17 (8:00 PM) [Sold Out]


Mon, Oct 18 (8:00 PM) [Sold Out]


Tue, Oct 19 (8:00 PM) [Sold Out]


Wed, Oct 20 (8:00 PM) [Sold Out]


Thu, Oct 21 (8:00 PM)


Sun, Oct 24 (8:00 PM) [Sold Out]


Mon, Oct 25 (8:00 PM) [Sold Out]


Tue, Oct 26 (8:00 PM)


Wed, Oct 27 (8:00 PM) [Sold Out]


Thu, Oct 28 (8:00 PM) [Sold Out]


Sun, Oct 31 (8:00 PM) [Sold Out]


Mon, Nov 1 (8:00 PM)


Tue, Nov 2 (8:00 PM)


Wed, Nov 3 (8:00 PM)


Thu, Nov 4 (8:00 PM) [Sold Out]


Sun, Nov 7 (8:00 PM) [Sold Out]


Mon, Nov 8 (8:00 PM)


Tue, Nov 9 (8:00 PM)


Wed, Nov 10 (8:00 PM)


Thu, Nov 11 (8:00 PM)


Sun, Nov 14 (8:00 PM)


Mon, Nov 15 (8:00 PM)


Tue, Nov 16 (8:00 PM)


Wed, Nov 17 (8:00 PM)


Thu, Nov 18 (8:00 PM)


Sun, Nov 21 (8:00 PM)


Mon, Nov 22 (8:00 PM)



",AVAILABLE,"714 West Warren Street Mitchell, IN 47446 ",106.0,122.0,116.0,129.0,104.0,102.0,200.0
WOMEN ONLY CCW Class Sponsored by Joe Combs and Mike Mains,"
	$25
","
Legacy Christian Church
207 N. Vine St 
Harrison, OH 45030 
United States 

View Map
View Map

","



Sat, October 23, 2021
9:00 AM – 6:00 PM EDT

Add to calendar


",AVAILABLE,"207 N. Vine St Harrison, OH 45030 ",95.0,98.0,108.0,99.0,90.0,88.0,25.0
Daily Fishing Pass - Village of Wayne Lakes,"
	$7
","
Wayne Lakes
1052 Main Drive 
Wayne Lakes, OH 45331 
United States 

View Map
View Map

","



Multiple Dates





Thu, Oct 14 (6:00 AM)


Fri, Oct 15 (6:00 AM)


Sat, Oct 16 (6:00 AM)


Sun, Oct 17 (6:00 AM)


Mon, Oct 18 (6:00 AM)


Tue, Oct 19 (6:00 AM)


Wed, Oct 20 (6:00 AM)


Thu, Oct 21 (6:00 AM)


Fri, Oct 22 (6:00 AM)


Sat, Oct 23 (6:00 AM)


Sun, Oct 24 (6:00 AM)


Mon, Oct 25 (6:00 AM)


Tue, Oct 26 (6:00 AM)


Wed, Oct 27 (6:00 AM)


Thu, Oct 28 (6:00 AM)


Fri, Oct 29 (6:00 AM)


Sat, Oct 30 (6:00 AM)


Sun, Oct 31 (6:00 AM)


Mon, Nov 1 (6:00 AM)


Tue, Nov 2 (6:00 AM)


Wed, Nov 3 (6:00 AM)


Thu, Nov 4 (6:00 AM)


Fri, Nov 5 (6:00 AM)


Sat, Nov 6 (6:00 AM)


Sun, Nov 7 (6:00 AM)


Mon, Nov 8 (6:00 AM)


Tue, Nov 9 (6:00 AM)


Wed, Nov 10 (6:00 AM)


Thu, Nov 11 (6:00 AM)


Fri, Nov 12 (6:00 AM)


Sat, Nov 13 (6:00 AM)


Sun, Nov 14 (6:00 AM)


Mon, Nov 15 (6:00 AM)


Tue, Nov 16 (6:00 AM)


Wed, Nov 17 (6:00 AM)


Thu, Nov 18 (6:00 AM)


Fri, Nov 19 (6:00 AM)


Sat, Nov 20 (6:00 AM)


Sun, Nov 21 (6:00 AM)


Mon, Nov 22 (6:00 AM)


Tue, Nov 23 (6:00 AM)



",AVAILABLE,"1052 Main Drive Wayne Lakes, OH 45331 ",98.0,101.0,110.0,95.0,97.0,99.0,7.0
Adoption Day at the Library,"
	Free
","
Danville Public Library
319 North Vermilion Street 
Danville, IL 61832 
United States 

View Map
View Map

","



Sat, October 23, 2021
10:00 AM – 1:00 PM CDT

Add to calendar


",AVAILABLE,"319 North Vermilion Street Danville, IL 61832 ",88.0,96.0,85.0,101.0,90.0,88.0,0.0
"Hear It, See It, Make It, Take It: Sensory Story Time","
	Free
","
Danville Public Library
319 North Vermilion Street 
Danville, IL 61832 
United States 

View Map
View Map

","



Multiple Dates





Sat, Oct 16 (11:00 AM)


Sat, Oct 23 (11:00 AM)


Sat, Oct 30 (11:00 AM)



",AVAILABLE,"319 North Vermilion Street Danville, IL 61832 ",88.0,96.0,85.0,101.0,90.0,88.0,0.0
